driver_age,driver_gender,dependents,risk_behavior,auto_claim_amount,northwest,southwest,northeast,vehicle_type,vehicle_age,annual_mileage,claims_frequency
39,TRUE,0,FALSE,1121.87,FALSE,FALSE,FALSE,Hatchback,11,20149,0
24,TRUE,0,FALSE,1131.51,FALSE,FALSE,FALSE,Convertible,15,17150,0
19,TRUE,0,FALSE,1146.8,TRUE,FALSE,FALSE,Truck,11,12183,1
20,TRUE,0,FALSE,1149.4,TRUE,FALSE,FALSE,Convertible,14,26632,0
30,TRUE,0,FALSE,1163.46,TRUE,FALSE,FALSE,Convertible,9,15102,0
36,TRUE,0,FALSE,1241.57,TRUE,FALSE,FALSE,SUV,6,26492,0
37,TRUE,0,FALSE,1242.26,TRUE,FALSE,FALSE,Truck,19,24988,0
19,TRUE,0,FALSE,1242.82,TRUE,FALSE,FALSE,Truck,4,22053,0
35,TRUE,0,FALSE,1261.44,FALSE,TRUE,FALSE,Truck,0,25748,3
41,TRUE,0,FALSE,1261.86,FALSE,TRUE,FALSE,Convertible,16,28713,2
49,TRUE,0,FALSE,1263.25,FALSE,TRUE,FALSE,Hatchback,2,6283,1
48,TRUE,0,FALSE,1391.53,FALSE,FALSE,FALSE,Truck,12,5923,1
45,TRUE,0,FALSE,1515.34,FALSE,FALSE,FALSE,Convertible,13,6125,0
34,TRUE,0,FALSE,1526.31,FALSE,TRUE,FALSE,SUV,17,6529,0
18,TRUE,0,FALSE,1532.47,FALSE,FALSE,FALSE,Hatchback,3,13438,3
42,TRUE,0,FALSE,1534.3,FALSE,FALSE,FALSE,SUV,17,25095,0
50,FALSE,0,FALSE,1607.51,FALSE,FALSE,FALSE,Hatchback,4,21154,0
23,TRUE,0,FALSE,1149.4,TRUE,FALSE,FALSE,Convertible,15,13004,0
36,FALSE,0,FALSE,1615.77,FALSE,FALSE,FALSE,Sedan,0,14752,0
30,TRUE,0,FALSE,1621.34,TRUE,FALSE,FALSE,Hatchback,13,27658,0
58,FALSE,0,FALSE,1621.88,FALSE,FALSE,FALSE,SUV,14,15592,0
35,FALSE,0,FALSE,1622.19,FALSE,FALSE,FALSE,Convertible,8,8864,0
29,TRUE,0,FALSE,1625.43,TRUE,FALSE,FALSE,Hatchback,14,29217,1
49,TRUE,0,FALSE,1627.28,TRUE,FALSE,FALSE,Sedan,16,28172,1
21,TRUE,0,FALSE,1628.47,TRUE,FALSE,FALSE,Sedan,3,5226,0
52,FALSE,0,FALSE,1629.83,FALSE,FALSE,FALSE,Truck,11,20036,0
43,FALSE,0,FALSE,1631.67,FALSE,FALSE,FALSE,Truck,4,16739,0
47,FALSE,0,FALSE,1631.82,FALSE,FALSE,FALSE,SUV,4,21648,0
48,TRUE,0,FALSE,1632.04,TRUE,FALSE,FALSE,Hatchback,10,14587,1
34,TRUE,0,FALSE,1632.56,TRUE,FALSE,FALSE,Hatchback,5,16749,0
28,FALSE,0,FALSE,1633.04,FALSE,FALSE,FALSE,Truck,6,5645,0
49,FALSE,0,FALSE,1633.96,FALSE,FALSE,FALSE,Hatchback,13,21299,2
29,FALSE,0,FALSE,1634.57,FALSE,FALSE,FALSE,Hatchback,10,28928,0
18,TRUE,0,FALSE,1635.73,TRUE,FALSE,FALSE,Sedan,12,26953,2
32,TRUE,0,FALSE,1639.56,TRUE,FALSE,FALSE,Truck,1,24374,1
44,TRUE,0,FALSE,1639.56,TRUE,FALSE,FALSE,Convertible,6,18675,2
37,TRUE,0,FALSE,1646.43,TRUE,FALSE,FALSE,Truck,19,23888,0
29,TRUE,0,FALSE,1665,FALSE,FALSE,FALSE,Convertible,3,15964,1
24,TRUE,0,FALSE,1674.63,FALSE,FALSE,FALSE,Sedan,7,21087,0
31,TRUE,0,FALSE,1682.6,FALSE,TRUE,FALSE,SUV,19,18537,1
34,TRUE,0,FALSE,1694.8,FALSE,FALSE,TRUE,Hatchback,18,18269,0
30,TRUE,0,FALSE,1702.46,FALSE,FALSE,TRUE,Sedan,12,14346,0
45,TRUE,0,FALSE,1704.57,FALSE,FALSE,TRUE,Hatchback,13,5587,0
31,TRUE,0,FALSE,1704.7,TRUE,FALSE,FALSE,SUV,9,17763,0
30,TRUE,0,FALSE,1705.62,TRUE,FALSE,FALSE,SUV,10,14177,0
34,TRUE,0,FALSE,1708,TRUE,FALSE,FALSE,Sedan,1,9079,0
21,TRUE,0,FALSE,1708.93,TRUE,FALSE,FALSE,SUV,8,8348,0
21,TRUE,1,FALSE,1711.03,TRUE,FALSE,FALSE,Convertible,16,27683,1
23,TRUE,0,FALSE,1712.23,TRUE,FALSE,FALSE,SUV,2,25215,0
32,TRUE,1,FALSE,1719.44,FALSE,FALSE,FALSE,Hatchback,5,29765,1
50,TRUE,1,FALSE,1720.35,FALSE,FALSE,FALSE,Hatchback,4,23099,0
47,TRUE,1,FALSE,1725.55,FALSE,FALSE,FALSE,Hatchback,4,15785,0
49,TRUE,1,FALSE,1727.54,FALSE,FALSE,FALSE,Hatchback,14,17328,1
32,FALSE,0,FALSE,1727.79,FALSE,TRUE,FALSE,Convertible,16,11450,0
51,FALSE,0,FALSE,1728.9,FALSE,TRUE,FALSE,Truck,8,18230,1
60,FALSE,0,FALSE,1731.68,FALSE,TRUE,FALSE,Sedan,2,10433,0
32,FALSE,0,FALSE,1737.38,FALSE,TRUE,FALSE,Hatchback,19,6098,0
51,FALSE,0,FALSE,1743.21,FALSE,TRUE,FALSE,SUV,16,12096,1
27,FALSE,0,FALSE,1744.47,FALSE,TRUE,FALSE,Hatchback,9,23710,0
39,FALSE,0,FALSE,1748.77,FALSE,TRUE,FALSE,SUV,2,16439,0
26,FALSE,0,FALSE,1759.34,FALSE,TRUE,FALSE,SUV,17,14087,0
32,TRUE,0,FALSE,1769.53,TRUE,FALSE,FALSE,Hatchback,17,21021,1
28,TRUE,0,FALSE,1815.88,FALSE,FALSE,FALSE,Convertible,16,11416,0
48,TRUE,0,FALSE,1824.29,FALSE,FALSE,FALSE,SUV,2,11980,0
22,TRUE,0,FALSE,1826.84,FALSE,TRUE,FALSE,SUV,2,28147,0
20,TRUE,1,FALSE,1832.09,FALSE,TRUE,FALSE,Hatchback,5,23058,0
50,TRUE,1,FALSE,1837.24,FALSE,TRUE,FALSE,SUV,12,16101,0
30,TRUE,0,FALSE,1837.28,FALSE,FALSE,FALSE,SUV,14,12950,0
38,TRUE,1,FALSE,1842.52,FALSE,TRUE,FALSE,Hatchback,8,14122,1
50,FALSE,0,FALSE,1875.34,FALSE,TRUE,FALSE,Hatchback,3,17576,1
42,FALSE,0,FALSE,1877.93,FALSE,FALSE,FALSE,Sedan,13,27433,1
53,FALSE,0,FALSE,1880.07,FALSE,FALSE,FALSE,Convertible,4,6089,0
26,FALSE,0,FALSE,1880.49,FALSE,TRUE,FALSE,Convertible,1,9578,0
43,TRUE,0,FALSE,1906.36,TRUE,FALSE,FALSE,SUV,10,14127,1
42,TRUE,0,FALSE,1909.53,TRUE,FALSE,FALSE,Convertible,8,15487,1
43,TRUE,0,FALSE,1917.32,TRUE,FALSE,FALSE,SUV,2,5155,1
36,TRUE,1,FALSE,1964.78,FALSE,TRUE,FALSE,Sedan,8,6958,1
19,TRUE,0,FALSE,1967.02,FALSE,FALSE,TRUE,Hatchback,2,15693,1
19,TRUE,0,FALSE,1969.61,TRUE,FALSE,FALSE,Hatchback,1,11344,1
37,TRUE,0,FALSE,1972.95,TRUE,FALSE,FALSE,Hatchback,11,10779,1
40,TRUE,0,FALSE,1977.82,TRUE,FALSE,FALSE,Convertible,9,27528,1
23,TRUE,1,FALSE,1980.07,TRUE,FALSE,FALSE,Sedan,8,26447,2
19,TRUE,0,FALSE,1981.58,FALSE,FALSE,FALSE,Convertible,14,8830,0
20,TRUE,0,FALSE,1984.45,FALSE,FALSE,FALSE,Convertible,7,14046,0
41,TRUE,0,FALSE,1986.93,FALSE,FALSE,FALSE,Sedan,4,14794,1
26,FALSE,0,FALSE,2007.95,FALSE,TRUE,FALSE,Sedan,10,28043,0
48,FALSE,0,FALSE,2020.18,FALSE,TRUE,FALSE,Sedan,1,5441,1
54,FALSE,0,FALSE,2020.55,FALSE,FALSE,FALSE,Sedan,14,27424,0
44,FALSE,0,FALSE,2026.97,FALSE,FALSE,FALSE,Hatchback,5,27309,1
44,TRUE,0,FALSE,2045.69,TRUE,FALSE,FALSE,Truck,7,19478,0
47,TRUE,0,FALSE,2055.32,TRUE,FALSE,FALSE,Truck,4,28742,1
50,TRUE,0,FALSE,2102.26,FALSE,FALSE,TRUE,Sedan,15,9628,0
30,TRUE,1,FALSE,2103.08,FALSE,TRUE,FALSE,Truck,17,11370,0
33,TRUE,0,FALSE,2104.11,FALSE,FALSE,TRUE,Truck,5,14528,0
59,FALSE,0,FALSE,2117.34,TRUE,FALSE,FALSE,Sedan,4,22332,1
42,FALSE,0,FALSE,2128.43,TRUE,FALSE,FALSE,Truck,15,16565,0
52,FALSE,0,FALSE,2130.68,TRUE,FALSE,FALSE,Convertible,12,13179,0
43,FALSE,0,FALSE,2134.9,TRUE,FALSE,FALSE,SUV,4,21013,0
42,FALSE,0,FALSE,2136.88,TRUE,FALSE,FALSE,SUV,12,27499,0
33,TRUE,0,FALSE,2137.65,FALSE,FALSE,FALSE,Sedan,16,21843,0
26,FALSE,0,FALSE,2138.07,TRUE,FALSE,FALSE,Hatchback,17,28952,0
41,FALSE,0,FALSE,2150.47,FALSE,TRUE,FALSE,Sedan,7,26030,1
27,FALSE,0,FALSE,2154.36,FALSE,TRUE,FALSE,Hatchback,12,5392,0
37,FALSE,0,FALSE,2155.68,FALSE,FALSE,FALSE,SUV,18,17130,0
43,FALSE,0,FALSE,2156.75,FALSE,FALSE,FALSE,Sedan,2,23171,1
30,FALSE,0,FALSE,2166.73,FALSE,TRUE,FALSE,Convertible,7,28758,0
47,FALSE,0,FALSE,2196.47,FALSE,FALSE,FALSE,Truck,1,15449,0
26,FALSE,0,FALSE,2198.19,FALSE,FALSE,FALSE,Hatchback,7,22522,1
49,FALSE,0,FALSE,2200.83,FALSE,FALSE,FALSE,Truck,12,26125,1
59,FALSE,1,FALSE,2201.1,FALSE,FALSE,FALSE,Truck,12,12418,0
58,FALSE,0,FALSE,2203.47,FALSE,FALSE,FALSE,Sedan,0,27746,1
32,FALSE,0,FALSE,2203.74,FALSE,FALSE,FALSE,Truck,5,7454,3
37,FALSE,0,FALSE,2205.98,FALSE,FALSE,FALSE,Convertible,18,25058,1
48,FALSE,0,FALSE,2207.7,FALSE,FALSE,FALSE,Truck,15,22761,1
52,FALSE,0,FALSE,2211.13,FALSE,FALSE,FALSE,Sedan,7,20223,1
55,FALSE,0,FALSE,2217.47,FALSE,FALSE,FALSE,Convertible,0,11701,0
33,FALSE,0,FALSE,2217.6,FALSE,FALSE,FALSE,SUV,15,7597,0
53,FALSE,1,FALSE,2219.45,FALSE,FALSE,FALSE,Truck,8,5141,1
26,TRUE,1,FALSE,2221.56,TRUE,FALSE,FALSE,Sedan,12,7659,0
49,TRUE,0,FALSE,2250.84,TRUE,FALSE,FALSE,SUV,10,25980,1
31,TRUE,0,FALSE,2254.8,TRUE,FALSE,FALSE,SUV,12,14031,0
42,FALSE,0,FALSE,2257.48,TRUE,FALSE,FALSE,Hatchback,9,20037,0
30,FALSE,0,FALSE,2261.57,TRUE,FALSE,FALSE,Convertible,3,18970,0
45,TRUE,0,FALSE,2302.3,TRUE,FALSE,FALSE,Truck,5,10661,0
49,TRUE,2,FALSE,2304,FALSE,FALSE,FALSE,Sedan,6,11142,0
47,TRUE,0,FALSE,2322.62,FALSE,FALSE,FALSE,Hatchback,4,17109,0
47,FALSE,1,FALSE,2331.52,FALSE,TRUE,FALSE,Convertible,10,27010,0
29,TRUE,0,FALSE,2352.97,TRUE,FALSE,FALSE,Hatchback,12,13787,1
40,TRUE,1,FALSE,2362.23,TRUE,FALSE,FALSE,Convertible,18,15096,0
21,TRUE,0,FALSE,2395.17,FALSE,FALSE,FALSE,Convertible,9,13472,1
32,TRUE,0,FALSE,2396.1,FALSE,FALSE,FALSE,Truck,9,21807,0
26,FALSE,0,FALSE,2404.73,TRUE,FALSE,FALSE,Convertible,10,28383,2
47,TRUE,1,FALSE,2416.96,FALSE,TRUE,FALSE,Hatchback,6,9249,1
46,TRUE,1,FALSE,2438.06,FALSE,FALSE,FALSE,Convertible,17,19949,0
44,FALSE,0,FALSE,2457.21,FALSE,FALSE,FALSE,Truck,3,6750,1
41,FALSE,0,FALSE,2457.5,FALSE,TRUE,FALSE,Truck,1,26141,1
37,FALSE,0,FALSE,2459.72,FALSE,FALSE,FALSE,Hatchback,13,23351,0
29,FALSE,0,FALSE,2464.62,FALSE,FALSE,FALSE,SUV,12,9088,0
47,FALSE,0,FALSE,2473.33,FALSE,FALSE,FALSE,SUV,11,25562,1
35,FALSE,0,FALSE,2480.98,FALSE,FALSE,FALSE,Convertible,6,29173,2
48,TRUE,0,FALSE,2483.74,FALSE,FALSE,FALSE,Sedan,1,20282,2
22,TRUE,0,FALSE,2494.02,FALSE,TRUE,FALSE,Convertible,12,24330,0
41,TRUE,0,FALSE,2497.04,FALSE,FALSE,FALSE,Hatchback,13,14641,0
26,TRUE,0,FALSE,2498.41,FALSE,FALSE,FALSE,Hatchback,16,26778,0
18,TRUE,0,FALSE,2523.17,TRUE,FALSE,FALSE,Hatchback,8,29264,0
28,FALSE,0,FALSE,2527.82,TRUE,FALSE,FALSE,Hatchback,16,10075,1
33,TRUE,0,FALSE,2534.39,TRUE,FALSE,FALSE,Hatchback,7,15412,1
49,TRUE,2,FALSE,2566.47,FALSE,FALSE,FALSE,Truck,1,20686,0
33,FALSE,1,FALSE,2585.27,FALSE,TRUE,FALSE,SUV,12,12230,2
43,FALSE,0,FALSE,2585.85,FALSE,FALSE,FALSE,Hatchback,2,20432,0
57,FALSE,1,FALSE,2597.78,FALSE,TRUE,FALSE,Sedan,15,16002,0
30,FALSE,0,FALSE,2632.99,FALSE,TRUE,FALSE,Sedan,5,18947,0
42,TRUE,1,FALSE,2639.04,TRUE,FALSE,FALSE,Sedan,18,18686,0
21,TRUE,1,FALSE,2643.27,TRUE,FALSE,FALSE,Sedan,6,22915,0
47,TRUE,0,FALSE,2680.95,TRUE,FALSE,FALSE,Truck,9,18074,0
28,TRUE,0,FALSE,2689.5,FALSE,FALSE,FALSE,Sedan,8,24374,1
52,FALSE,0,FALSE,2690.11,TRUE,FALSE,FALSE,Hatchback,1,28539,0
30,TRUE,0,FALSE,2699.57,TRUE,FALSE,FALSE,Convertible,14,9493,0
51,FALSE,1,FALSE,2709.11,TRUE,FALSE,FALSE,Sedan,4,22317,2
58,FALSE,1,FALSE,2709.24,TRUE,FALSE,FALSE,Truck,3,6460,1
26,FALSE,1,FALSE,2710.83,TRUE,FALSE,FALSE,Truck,19,19140,0
41,FALSE,1,FALSE,2719.28,TRUE,FALSE,FALSE,Sedan,3,24107,0
46,TRUE,0,FALSE,2721.32,FALSE,FALSE,FALSE,Convertible,17,15704,0
23,TRUE,0,FALSE,2727.4,FALSE,FALSE,FALSE,Sedan,3,21669,2
34,FALSE,1,FALSE,2730.11,TRUE,FALSE,FALSE,Truck,16,21648,1
29,FALSE,0,FALSE,2731.91,FALSE,FALSE,FALSE,SUV,11,11816,0
58,FALSE,0,FALSE,2741.95,FALSE,FALSE,FALSE,Hatchback,16,16639,0
59,FALSE,0,FALSE,2755.02,FALSE,FALSE,TRUE,Truck,9,19424,0
30,TRUE,1,FALSE,2775.19,TRUE,FALSE,FALSE,Sedan,0,18965,0
49,TRUE,1,FALSE,2789.06,TRUE,FALSE,FALSE,Hatchback,17,23146,0
60,FALSE,2,FALSE,2801.26,FALSE,FALSE,FALSE,Sedan,17,16240,0
49,TRUE,2,FALSE,2803.7,TRUE,FALSE,FALSE,Sedan,13,5040,0
45,FALSE,0,FALSE,2842.76,TRUE,FALSE,FALSE,SUV,14,10827,1
54,FALSE,0,FALSE,2850.68,TRUE,FALSE,FALSE,Hatchback,11,13259,1
27,FALSE,0,FALSE,2855.44,TRUE,FALSE,FALSE,Hatchback,3,22371,2
37,TRUE,0,FALSE,2866.09,FALSE,TRUE,FALSE,SUV,2,19849,0
48,TRUE,0,FALSE,2867.12,FALSE,FALSE,FALSE,Truck,19,21232,1
49,TRUE,0,FALSE,2897.32,FALSE,FALSE,TRUE,Sedan,11,12804,0
25,FALSE,0,FALSE,2899.49,FALSE,FALSE,TRUE,Convertible,6,29173,0
20,TRUE,1,FALSE,2902.91,FALSE,FALSE,FALSE,Sedan,10,27101,0
35,TRUE,1,FALSE,2904.09,FALSE,TRUE,FALSE,Sedan,0,24582,0
37,FALSE,2,FALSE,2913.57,FALSE,TRUE,FALSE,Truck,5,10374,2
28,TRUE,1,FALSE,2927.06,FALSE,FALSE,FALSE,Sedan,14,26174,1
28,FALSE,0,FALSE,2974.13,FALSE,TRUE,FALSE,SUV,14,28567,1
55,FALSE,0,FALSE,3021.81,TRUE,FALSE,FALSE,SUV,18,7524,0
54,FALSE,0,FALSE,3044.21,FALSE,FALSE,TRUE,Hatchback,10,14277,1
57,FALSE,0,FALSE,3046.06,FALSE,FALSE,TRUE,Convertible,1,23863,2
33,FALSE,2,FALSE,3056.39,FALSE,FALSE,FALSE,Sedan,13,14885,1
30,TRUE,0,FALSE,3062.51,TRUE,FALSE,FALSE,Sedan,1,26538,1
49,TRUE,0,FALSE,3070.81,FALSE,FALSE,TRUE,Truck,3,5778,1
25,TRUE,0,FALSE,1704.57,FALSE,FALSE,TRUE,SUV,16,6492,2
38,TRUE,2,FALSE,3077.1,TRUE,FALSE,FALSE,Convertible,2,22044,1
60,FALSE,0,FALSE,3161.45,FALSE,TRUE,FALSE,Hatchback,12,22732,0
59,FALSE,1,FALSE,3167.46,FALSE,FALSE,TRUE,SUV,8,18615,1
52,FALSE,0,FALSE,3171.61,FALSE,FALSE,FALSE,Hatchback,6,17132,0
35,FALSE,0,FALSE,3172.02,FALSE,TRUE,FALSE,Truck,14,15178,0
35,FALSE,0,FALSE,3176.29,TRUE,FALSE,FALSE,Truck,10,12851,0
48,FALSE,0,FALSE,3176.82,TRUE,FALSE,FALSE,Sedan,19,21288,0
27,FALSE,2,FALSE,3180.51,FALSE,FALSE,FALSE,Convertible,1,12156,1
48,FALSE,0,FALSE,3201.25,TRUE,FALSE,FALSE,Hatchback,14,7044,0
45,FALSE,0,FALSE,3206.49,FALSE,FALSE,TRUE,SUV,13,12368,0
33,FALSE,1,FALSE,3208.79,FALSE,TRUE,FALSE,Truck,19,24900,0
59,FALSE,0,FALSE,3213.62,FALSE,FALSE,TRUE,Sedan,10,18635,1
36,FALSE,1,FALSE,3227.12,FALSE,FALSE,FALSE,Sedan,2,14168,0
46,FALSE,1,FALSE,3238.44,FALSE,FALSE,FALSE,Hatchback,16,25961,0
35,TRUE,0,FALSE,3260.2,FALSE,TRUE,FALSE,Truck,11,22111,0
43,TRUE,0,FALSE,3268.85,FALSE,FALSE,TRUE,Convertible,14,16328,0
28,TRUE,1,FALSE,3277.16,FALSE,TRUE,FALSE,Truck,15,18319,0
26,TRUE,2,FALSE,3279.87,FALSE,FALSE,TRUE,Hatchback,4,28852,2
23,TRUE,1,FALSE,3292.53,TRUE,FALSE,FALSE,Hatchback,19,5342,1
48,TRUE,1,FALSE,3309.79,FALSE,FALSE,TRUE,Truck,5,6447,0
49,FALSE,0,FALSE,3353.28,FALSE,TRUE,FALSE,Hatchback,18,11581,1
41,FALSE,0,FALSE,3353.47,TRUE,FALSE,FALSE,Truck,4,16851,1
28,FALSE,0,FALSE,3366.67,FALSE,FALSE,FALSE,SUV,2,11317,0
53,FALSE,1,FALSE,3378.91,FALSE,TRUE,FALSE,Truck,0,21910,0
28,FALSE,0,FALSE,3385.4,FALSE,FALSE,TRUE,Truck,5,15088,1
40,FALSE,1,FALSE,3392.37,FALSE,FALSE,FALSE,Hatchback,14,17946,1
60,FALSE,1,FALSE,3392.98,FALSE,FALSE,FALSE,Hatchback,1,28132,0
35,FALSE,2,FALSE,3393.36,FALSE,FALSE,FALSE,Sedan,2,21789,0
34,FALSE,1,FALSE,3410.32,FALSE,TRUE,FALSE,Sedan,16,19567,0
40,TRUE,3,FALSE,3443.06,FALSE,TRUE,FALSE,SUV,11,19868,1
42,TRUE,1,FALSE,3471.41,FALSE,FALSE,FALSE,Sedan,17,29370,2
22,TRUE,3,FALSE,3481.87,FALSE,FALSE,FALSE,Truck,14,14765,1
35,TRUE,2,FALSE,3484.33,FALSE,TRUE,FALSE,Hatchback,11,25124,0
49,TRUE,1,FALSE,3490.55,FALSE,FALSE,FALSE,Sedan,15,17466,0
30,FALSE,2,FALSE,3500.61,FALSE,FALSE,FALSE,Sedan,7,23230,0
21,TRUE,2,FALSE,3537.7,TRUE,FALSE,FALSE,SUV,13,22862,0
58,FALSE,0,FALSE,3554.2,FALSE,TRUE,FALSE,SUV,16,15587,0
59,FALSE,0,FALSE,3556.92,TRUE,FALSE,FALSE,Truck,7,5771,0
48,FALSE,0,FALSE,3558.62,FALSE,FALSE,FALSE,Hatchback,14,26909,0
32,FALSE,1,FALSE,3561.89,FALSE,FALSE,FALSE,SUV,13,21300,1
31,FALSE,1,FALSE,3578,FALSE,TRUE,FALSE,Sedan,17,13770,0
47,FALSE,2,FALSE,3579.83,TRUE,FALSE,FALSE,Hatchback,19,16093,0
23,TRUE,3,FALSE,3591.48,FALSE,TRUE,FALSE,Hatchback,6,18803,1
36,FALSE,1,FALSE,3594.17,TRUE,FALSE,FALSE,Sedan,2,5193,1
48,TRUE,3,FALSE,3597.6,FALSE,TRUE,FALSE,SUV,11,7007,0
18,TRUE,0,FALSE,3645.09,FALSE,FALSE,TRUE,Sedan,2,22569,0
23,TRUE,1,FALSE,3659.35,FALSE,TRUE,FALSE,Hatchback,19,23778,0
20,TRUE,2,FALSE,3693.43,FALSE,TRUE,FALSE,Convertible,13,16190,0
31,TRUE,0,FALSE,3704.35,FALSE,FALSE,FALSE,Convertible,14,14984,0
35,FALSE,0,FALSE,3732.63,FALSE,FALSE,TRUE,Truck,13,14302,2
49,FALSE,0,FALSE,3736.46,TRUE,FALSE,FALSE,Sedan,6,25389,1
45,FALSE,0,FALSE,3756.62,FALSE,FALSE,FALSE,Sedan,16,12429,0
30,FALSE,0,FALSE,3757.84,FALSE,FALSE,FALSE,Truck,11,7261,1
52,FALSE,0,FALSE,3761.29,FALSE,TRUE,FALSE,Truck,19,25120,0
44,FALSE,1,FALSE,3766.88,FALSE,FALSE,FALSE,Truck,3,11716,0
31,TRUE,2,FALSE,3847.67,FALSE,TRUE,FALSE,Hatchback,8,26259,0
25,TRUE,0,FALSE,3857.76,FALSE,FALSE,TRUE,Sedan,5,13921,2
34,TRUE,3,FALSE,3861.21,FALSE,FALSE,TRUE,Hatchback,15,9378,1
33,TRUE,0,FALSE,3866.86,TRUE,FALSE,FALSE,Truck,1,12815,0
32,TRUE,1,FALSE,3875.73,FALSE,FALSE,FALSE,Sedan,7,18778,0
18,TRUE,2,FALSE,3877.3,TRUE,FALSE,FALSE,Hatchback,10,24835,0
28,TRUE,3,FALSE,3906.13,FALSE,TRUE,FALSE,Hatchback,12,29000,0
42,FALSE,2,FALSE,3925.76,FALSE,FALSE,TRUE,Truck,16,17728,1
36,TRUE,0,FALSE,3935.18,FALSE,FALSE,FALSE,Sedan,7,15332,0
46,FALSE,0,FALSE,3943.6,FALSE,FALSE,TRUE,Truck,17,14836,0
46,FALSE,1,FALSE,3947.41,FALSE,FALSE,FALSE,Sedan,17,7800,1
38,FALSE,1,FALSE,3956.07,TRUE,FALSE,FALSE,Convertible,13,13333,0
53,FALSE,0,FALSE,3972.92,FALSE,FALSE,FALSE,SUV,14,10410,0
35,FALSE,2,FALSE,3981.98,FALSE,FALSE,FALSE,SUV,5,22839,1
48,FALSE,2,FALSE,3987.93,FALSE,TRUE,FALSE,SUV,10,28276,0
49,FALSE,0,FALSE,3989.84,FALSE,TRUE,FALSE,Truck,12,10808,1
46,FALSE,0,FALSE,3994.18,FALSE,FALSE,FALSE,Convertible,0,11796,0
48,TRUE,3,FALSE,4005.42,FALSE,FALSE,TRUE,Sedan,5,26180,2
44,TRUE,1,FALSE,4032.24,TRUE,FALSE,FALSE,Hatchback,8,26477,2
43,TRUE,1,FALSE,4040.56,FALSE,FALSE,TRUE,Sedan,7,15288,1
24,TRUE,2,FALSE,4058.12,FALSE,FALSE,FALSE,Hatchback,10,22709,0
37,TRUE,2,FALSE,4058.71,TRUE,FALSE,FALSE,Sedan,18,26360,0
23,TRUE,1,FALSE,4074.45,FALSE,FALSE,FALSE,Convertible,8,22543,0
26,TRUE,1,FALSE,4076.5,FALSE,TRUE,FALSE,Hatchback,16,9650,0
49,FALSE,1,FALSE,4133.64,TRUE,FALSE,FALSE,Truck,11,9987,2
47,FALSE,0,FALSE,4134.08,TRUE,FALSE,FALSE,Sedan,13,20200,2
25,FALSE,0,FALSE,4137.52,FALSE,FALSE,FALSE,Sedan,14,9697,0
59,FALSE,1,FALSE,4149.74,FALSE,TRUE,FALSE,Hatchback,15,21724,0
48,FALSE,1,FALSE,4151.03,FALSE,FALSE,FALSE,Truck,19,8828,1
34,FALSE,0,FALSE,4185.1,FALSE,FALSE,FALSE,Truck,0,23352,1
25,FALSE,2,FALSE,4189.11,TRUE,FALSE,FALSE,Convertible,9,22087,2
27,FALSE,3,FALSE,4234.93,FALSE,TRUE,FALSE,Truck,7,17605,4
30,TRUE,1,FALSE,4237.13,FALSE,FALSE,FALSE,Truck,17,10482,1
35,TRUE,1,FALSE,4239.89,TRUE,FALSE,FALSE,Truck,0,27760,0
37,TRUE,1,FALSE,4243.59,TRUE,FALSE,FALSE,SUV,1,23184,0
35,TRUE,3,FALSE,4260.74,FALSE,TRUE,FALSE,Convertible,0,10463,0
49,TRUE,2,FALSE,4266.17,FALSE,FALSE,FALSE,Sedan,0,18860,0
25,FALSE,3,FALSE,4296.27,TRUE,FALSE,FALSE,Hatchback,8,9912,3
21,TRUE,0,FALSE,4320.41,TRUE,FALSE,FALSE,Sedan,12,9648,0
37,FALSE,1,FALSE,4337.74,FALSE,FALSE,FALSE,Convertible,0,5855,0
57,FALSE,2,FALSE,4340.44,FALSE,FALSE,FALSE,Hatchback,12,7866,0
32,FALSE,0,FALSE,4347.02,FALSE,FALSE,FALSE,Convertible,19,16834,0
25,FALSE,2,FALSE,4349.46,FALSE,FALSE,FALSE,Truck,6,21294,0
40,FALSE,1,FALSE,4350.51,FALSE,FALSE,FALSE,Hatchback,1,21566,2
30,FALSE,0,FALSE,4357.04,TRUE,FALSE,FALSE,Truck,5,8112,0
31,FALSE,3,FALSE,4391.65,FALSE,TRUE,FALSE,Sedan,6,27054,0
37,TRUE,0,FALSE,4399.73,FALSE,FALSE,FALSE,Sedan,13,9492,0
26,TRUE,0,FALSE,4402.23,FALSE,TRUE,FALSE,Hatchback,17,27207,1
41,FALSE,0,FALSE,4415.16,FALSE,FALSE,FALSE,Hatchback,14,20114,0
46,TRUE,2,FALSE,4428.89,FALSE,FALSE,FALSE,Convertible,1,6517,0
32,TRUE,2,FALSE,4433.39,TRUE,FALSE,FALSE,Convertible,9,21018,0
34,TRUE,2,FALSE,4433.92,TRUE,FALSE,FALSE,Truck,11,26386,1
44,TRUE,2,FALSE,4435.09,FALSE,FALSE,FALSE,Hatchback,16,22740,1
46,TRUE,2,FALSE,4438.26,FALSE,FALSE,FALSE,Sedan,7,25013,0
41,TRUE,1,FALSE,4441.21,FALSE,FALSE,FALSE,Convertible,10,25012,0
32,TRUE,3,FALSE,4449.46,FALSE,FALSE,FALSE,Convertible,2,16431,1
43,TRUE,1,FALSE,4454.4,TRUE,FALSE,FALSE,Sedan,5,13210,0
37,TRUE,1,FALSE,4462.72,TRUE,FALSE,FALSE,Convertible,8,16595,1
21,TRUE,2,FALSE,4463.21,FALSE,FALSE,FALSE,Truck,5,17871,0
45,FALSE,3,FALSE,4466.62,TRUE,FALSE,FALSE,Hatchback,8,17743,0
36,TRUE,0,FALSE,4500.34,FALSE,FALSE,FALSE,Sedan,6,27516,0
44,TRUE,4,FALSE,4504.66,FALSE,FALSE,FALSE,Hatchback,8,14324,1
35,TRUE,0,FALSE,4518.83,FALSE,FALSE,FALSE,Convertible,17,16531,1
51,FALSE,1,FALSE,4527.18,TRUE,FALSE,FALSE,Convertible,11,11588,2
47,FALSE,2,FALSE,4529.48,FALSE,TRUE,FALSE,Sedan,7,8311,1
26,TRUE,1,FALSE,4536.26,FALSE,TRUE,FALSE,Truck,7,27432,1
50,FALSE,0,FALSE,4544.23,FALSE,FALSE,FALSE,SUV,17,27630,0
43,FALSE,4,FALSE,4561.19,FALSE,FALSE,FALSE,Sedan,19,5987,2
55,FALSE,1,FALSE,4562.84,FALSE,FALSE,FALSE,SUV,14,8321,0
26,FALSE,2,FALSE,4564.19,FALSE,FALSE,FALSE,SUV,6,20812,1
60,FALSE,0,FALSE,4571.41,TRUE,FALSE,FALSE,Truck,10,9615,0
31,FALSE,3,FALSE,4618.08,TRUE,FALSE,FALSE,SUV,19,20512,0
18,TRUE,0,FALSE,4646.76,FALSE,TRUE,FALSE,SUV,15,18146,0
47,TRUE,3,FALSE,4661.29,FALSE,FALSE,FALSE,Truck,3,29749,0
26,TRUE,1,FALSE,4667.61,FALSE,FALSE,FALSE,SUV,5,18654,0
22,TRUE,2,FALSE,4670.64,FALSE,TRUE,FALSE,SUV,2,25125,1
32,TRUE,2,FALSE,4673.39,FALSE,FALSE,FALSE,SUV,8,8052,1
43,TRUE,2,FALSE,4686.39,FALSE,FALSE,FALSE,Sedan,9,27958,0
46,FALSE,5,FALSE,4687.8,FALSE,TRUE,FALSE,Sedan,13,5726,0
56,FALSE,1,FALSE,4718.2,FALSE,FALSE,FALSE,Sedan,10,8760,0
45,FALSE,1,FALSE,4719.52,FALSE,FALSE,FALSE,Truck,17,27190,2
42,FALSE,2,FALSE,4719.74,TRUE,FALSE,FALSE,Convertible,11,6875,2
48,FALSE,1,FALSE,4738.27,TRUE,FALSE,FALSE,SUV,11,28377,1
29,TRUE,1,FALSE,4746.34,FALSE,TRUE,FALSE,SUV,12,18969,0
44,TRUE,1,FALSE,4747.05,FALSE,FALSE,FALSE,Truck,12,9033,1
19,TRUE,1,FALSE,4751.07,FALSE,TRUE,FALSE,SUV,18,10443,0
50,FALSE,2,FALSE,4753.64,FALSE,FALSE,FALSE,Sedan,18,22373,1
46,TRUE,1,FALSE,4762.33,FALSE,TRUE,FALSE,Convertible,13,8744,0
33,FALSE,1,FALSE,4766.02,FALSE,TRUE,FALSE,Hatchback,3,29995,1
56,FALSE,1,FALSE,4779.6,FALSE,FALSE,FALSE,SUV,12,21977,0
38,FALSE,1,FALSE,4795.66,FALSE,FALSE,FALSE,Sedan,7,6774,1
33,TRUE,3,FALSE,4827.9,FALSE,FALSE,FALSE,Hatchback,18,15651,0
55,FALSE,5,FALSE,4830.63,FALSE,TRUE,FALSE,Convertible,11,5935,2
43,TRUE,3,FALSE,4837.58,FALSE,FALSE,FALSE,Hatchback,17,18395,2
46,TRUE,3,FALSE,4846.92,FALSE,FALSE,FALSE,Sedan,5,8808,0
47,TRUE,4,FALSE,4877.98,TRUE,FALSE,FALSE,Hatchback,17,21715,0
60,FALSE,0,FALSE,4883.87,FALSE,TRUE,FALSE,Truck,18,16641,1
31,FALSE,0,FALSE,4889.04,FALSE,FALSE,FALSE,Hatchback,4,29306,1
28,TRUE,2,FALSE,4890,FALSE,FALSE,FALSE,SUV,8,24086,1
39,TRUE,1,FALSE,4894.75,TRUE,FALSE,FALSE,SUV,2,19376,0
48,FALSE,2,FALSE,4906.41,TRUE,FALSE,FALSE,Truck,9,10889,0
38,TRUE,5,FALSE,4915.06,FALSE,FALSE,FALSE,Sedan,18,10054,0
40,FALSE,2,FALSE,4922.92,TRUE,FALSE,FALSE,SUV,2,8868,1
31,FALSE,2,FALSE,4931.65,FALSE,TRUE,FALSE,Convertible,14,25584,0
25,FALSE,2,FALSE,4934.71,FALSE,TRUE,FALSE,SUV,0,21585,0
46,FALSE,2,FALSE,4949.76,FALSE,FALSE,FALSE,SUV,6,23881,1
29,FALSE,0,FALSE,4992.38,FALSE,FALSE,FALSE,Sedan,11,6842,0
27,FALSE,1,FALSE,5002.78,FALSE,FALSE,FALSE,Hatchback,16,15058,0
40,FALSE,1,FALSE,5003.85,FALSE,TRUE,FALSE,SUV,19,14101,0
25,FALSE,1,FALSE,5012.47,FALSE,TRUE,FALSE,Truck,4,17497,1
35,TRUE,0,FALSE,5028.15,TRUE,FALSE,FALSE,Hatchback,3,9658,0
35,TRUE,2,FALSE,5031.27,FALSE,FALSE,FALSE,Convertible,11,16381,0
24,TRUE,5,FALSE,5080.1,FALSE,TRUE,FALSE,Sedan,19,12544,1
19,TRUE,1,FALSE,5116.5,TRUE,FALSE,FALSE,Convertible,17,12718,0
39,TRUE,2,FALSE,5124.19,FALSE,FALSE,FALSE,Hatchback,16,18851,0
31,TRUE,1,FALSE,5125.22,TRUE,FALSE,FALSE,Hatchback,18,22154,0
55,FALSE,3,FALSE,5138.26,FALSE,FALSE,FALSE,Hatchback,8,24539,0
33,FALSE,1,FALSE,5148.55,FALSE,FALSE,FALSE,Convertible,3,16777,1
34,FALSE,2,FALSE,5152.13,FALSE,TRUE,FALSE,Hatchback,1,6628,0
32,TRUE,3,FALSE,5209.58,FALSE,FALSE,FALSE,Convertible,3,5386,1
38,FALSE,0,FALSE,5227.99,FALSE,FALSE,FALSE,Hatchback,1,11031,0
46,FALSE,1,FALSE,5240.77,FALSE,TRUE,FALSE,Truck,14,11439,0
57,FALSE,1,FALSE,5245.23,FALSE,FALSE,FALSE,Hatchback,1,27785,1
57,FALSE,1,FALSE,5246.05,FALSE,TRUE,FALSE,Convertible,3,18392,2
23,TRUE,3,FALSE,5253.52,FALSE,TRUE,FALSE,SUV,5,25392,1
20,TRUE,2,FALSE,5257.51,TRUE,FALSE,FALSE,Hatchback,6,23850,0
19,TRUE,2,FALSE,5261.47,TRUE,FALSE,FALSE,SUV,9,7282,1
44,FALSE,0,FALSE,5266.37,TRUE,FALSE,FALSE,Truck,18,6856,1
52,FALSE,0,FALSE,5267.82,TRUE,FALSE,FALSE,Sedan,18,20670,0
32,FALSE,0,FALSE,5272.18,TRUE,FALSE,FALSE,Truck,11,29364,1
41,FALSE,3,FALSE,5312.17,TRUE,FALSE,FALSE,Hatchback,2,6998,0
49,FALSE,3,FALSE,5325.65,FALSE,TRUE,FALSE,SUV,12,10476,0
25,FALSE,2,FALSE,5327.4,TRUE,FALSE,FALSE,SUV,17,14428,0
31,FALSE,1,FALSE,5354.07,FALSE,FALSE,FALSE,Convertible,7,9669,1
32,TRUE,1,FALSE,5373.36,TRUE,FALSE,FALSE,SUV,14,17336,1
54,FALSE,2,FALSE,5375.04,FALSE,TRUE,FALSE,Convertible,0,14342,1
44,TRUE,1,FALSE,5377.46,TRUE,FALSE,FALSE,Sedan,2,25702,0
40,FALSE,0,FALSE,5383.54,FALSE,TRUE,FALSE,Hatchback,7,12064,0
58,FALSE,1,FALSE,5385.34,TRUE,FALSE,FALSE,Convertible,3,12446,0
32,FALSE,0,FALSE,5397.62,FALSE,FALSE,FALSE,Sedan,15,22815,0
29,FALSE,0,FALSE,5400.98,FALSE,FALSE,FALSE,SUV,9,10624,2
30,TRUE,0,FALSE,5415.66,FALSE,FALSE,FALSE,SUV,11,12461,0
41,TRUE,3,FALSE,5425.02,TRUE,FALSE,FALSE,Sedan,13,6819,0
27,TRUE,3,FALSE,5428.73,FALSE,FALSE,FALSE,SUV,13,15516,0
29,TRUE,0,FALSE,5438.75,FALSE,FALSE,FALSE,Sedan,1,18749,2
27,FALSE,0,FALSE,5458.05,FALSE,FALSE,FALSE,Convertible,4,22514,0
57,FALSE,0,FALSE,5469.01,FALSE,FALSE,FALSE,Convertible,4,27947,0
43,FALSE,1,FALSE,5472.45,FALSE,TRUE,FALSE,Sedan,5,7658,1
55,FALSE,1,FALSE,5478.04,FALSE,FALSE,FALSE,Convertible,12,8500,1
47,TRUE,1,FALSE,5484.47,FALSE,FALSE,FALSE,Convertible,8,29950,0
23,TRUE,1,FALSE,5488.26,FALSE,TRUE,FALSE,Convertible,14,7120,1
20,TRUE,2,FALSE,5584.31,FALSE,FALSE,FALSE,Truck,13,9020,1
43,FALSE,1,FALSE,5594.85,FALSE,FALSE,FALSE,Hatchback,6,15213,0
31,TRUE,5,FALSE,5615.37,FALSE,TRUE,FALSE,SUV,19,8259,3
57,FALSE,1,FALSE,5630.46,TRUE,FALSE,FALSE,Truck,1,15081,1
54,FALSE,0,FALSE,5649.72,FALSE,TRUE,FALSE,Convertible,6,6823,1
25,FALSE,0,FALSE,5662.23,FALSE,FALSE,FALSE,Sedan,5,22858,3
26,FALSE,3,FALSE,5693.43,TRUE,FALSE,FALSE,Convertible,16,23626,0
38,TRUE,0,FALSE,5699.84,FALSE,FALSE,FALSE,Hatchback,1,18467,1
43,FALSE,4,FALSE,5708.87,FALSE,TRUE,FALSE,Convertible,2,24627,1
20,TRUE,0,FALSE,5709.16,FALSE,FALSE,FALSE,Sedan,4,11990,0
22,TRUE,2,FALSE,5729.01,TRUE,FALSE,FALSE,Hatchback,4,26544,1
23,TRUE,0,FALSE,5757.41,FALSE,FALSE,FALSE,Convertible,0,8134,0
41,FALSE,2,FALSE,5836.52,FALSE,FALSE,FALSE,Hatchback,7,23454,0
28,FALSE,2,FALSE,5846.92,FALSE,FALSE,FALSE,SUV,11,21743,0
37,TRUE,1,FALSE,5855.9,TRUE,FALSE,FALSE,SUV,3,20434,1
58,FALSE,0,FALSE,5910.94,FALSE,TRUE,FALSE,Convertible,12,20007,2
51,FALSE,0,FALSE,5920.1,FALSE,FALSE,FALSE,Hatchback,14,15233,1
27,TRUE,3,FALSE,5926.85,FALSE,TRUE,FALSE,Sedan,10,21378,0
46,TRUE,3,FALSE,5934.38,FALSE,FALSE,FALSE,Convertible,9,6141,1
25,TRUE,0,FALSE,5966.89,FALSE,FALSE,FALSE,SUV,2,23019,0
46,TRUE,0,FALSE,5969.72,FALSE,TRUE,FALSE,SUV,13,25384,0
40,FALSE,3,FALSE,5972.38,FALSE,TRUE,FALSE,Convertible,15,15135,0
35,FALSE,1,FALSE,5974.38,FALSE,FALSE,FALSE,Hatchback,9,17966,0
34,FALSE,1,FALSE,5976.83,FALSE,FALSE,FALSE,SUV,9,8361,1
38,TRUE,0,FALSE,5979.73,FALSE,TRUE,FALSE,Hatchback,11,27967,0
33,FALSE,2,FALSE,5989.52,TRUE,FALSE,FALSE,SUV,8,12835,0
38,TRUE,4,FALSE,6059.17,FALSE,TRUE,FALSE,SUV,0,16172,0
26,TRUE,1,FALSE,6067.13,FALSE,FALSE,FALSE,Truck,4,21390,0
36,TRUE,1,FALSE,6079.67,FALSE,FALSE,FALSE,SUV,19,8267,0
42,TRUE,2,FALSE,6082.41,FALSE,TRUE,FALSE,Sedan,7,11564,0
38,FALSE,1,FALSE,6112.35,TRUE,FALSE,FALSE,Convertible,10,26312,0
28,FALSE,3,FALSE,6113.23,FALSE,FALSE,FALSE,Convertible,11,23990,0
29,TRUE,1,FALSE,6117.49,TRUE,FALSE,FALSE,Hatchback,0,16411,0
46,TRUE,1,FALSE,6123.57,TRUE,FALSE,FALSE,SUV,19,10906,2
55,FALSE,3,FALSE,6128.8,TRUE,FALSE,FALSE,Sedan,10,21028,2
42,FALSE,3,FALSE,6184.3,FALSE,FALSE,FALSE,Hatchback,4,24657,0
39,FALSE,0,FALSE,6185.32,FALSE,FALSE,FALSE,Truck,14,12611,1
32,FALSE,0,FALSE,6186.13,FALSE,TRUE,FALSE,Hatchback,4,22297,1
32,FALSE,3,FALSE,6196.45,FALSE,TRUE,FALSE,Hatchback,11,7011,0
27,TRUE,2,FALSE,6198.75,TRUE,FALSE,FALSE,SUV,4,22826,2
33,TRUE,2,FALSE,6203.9,TRUE,FALSE,FALSE,Truck,16,26930,1
25,FALSE,1,FALSE,6238.3,FALSE,TRUE,FALSE,Hatchback,16,16246,1
45,TRUE,0,FALSE,6250.44,FALSE,TRUE,FALSE,Sedan,11,18790,0
24,TRUE,1,FALSE,6272.48,FALSE,FALSE,FALSE,Sedan,14,16738,1
43,TRUE,1,FALSE,6282.24,FALSE,TRUE,FALSE,Convertible,14,19730,1
20,TRUE,1,FALSE,6289.75,FALSE,FALSE,FALSE,Truck,5,16120,1
48,FALSE,2,FALSE,6311.95,FALSE,TRUE,FALSE,Truck,11,23213,1
56,FALSE,2,FALSE,6313.76,FALSE,FALSE,FALSE,Convertible,19,13767,4
58,FALSE,3,FALSE,6334.34,FALSE,FALSE,FALSE,Hatchback,17,27852,0
24,TRUE,2,FALSE,6338.08,FALSE,FALSE,FALSE,Truck,13,18703,0
40,TRUE,2,FALSE,6356.27,FALSE,FALSE,FALSE,Sedan,1,5929,0
28,TRUE,0,FALSE,6358.78,TRUE,FALSE,FALSE,Sedan,8,16951,2
50,FALSE,3,FALSE,6360.99,TRUE,FALSE,FALSE,SUV,4,25083,2
34,FALSE,1,FALSE,6373.56,TRUE,FALSE,FALSE,Truck,19,20845,0
21,TRUE,1,FALSE,6389.38,TRUE,FALSE,FALSE,Hatchback,0,22438,0
31,TRUE,1,FALSE,6393.6,TRUE,FALSE,FALSE,Convertible,2,20747,0
42,FALSE,2,FALSE,6402.29,FALSE,FALSE,FALSE,Convertible,5,10744,1
18,TRUE,2,FALSE,6406.41,FALSE,FALSE,FALSE,Hatchback,4,23284,0
51,FALSE,3,FALSE,6414.18,FALSE,TRUE,FALSE,SUV,4,14649,3
20,TRUE,3,FALSE,6435.62,FALSE,FALSE,FALSE,Convertible,0,11980,0
28,TRUE,2,FALSE,6455.86,TRUE,FALSE,FALSE,Truck,16,12069,1
24,TRUE,2,FALSE,6457.84,TRUE,FALSE,FALSE,SUV,18,14591,0
59,FALSE,0,FALSE,6474.01,FALSE,TRUE,FALSE,Truck,13,24799,0
38,FALSE,1,FALSE,6496.89,FALSE,TRUE,FALSE,Sedan,11,5442,0
53,FALSE,1,FALSE,6500.24,FALSE,FALSE,FALSE,SUV,9,27602,0
42,TRUE,3,FALSE,6548.2,TRUE,FALSE,FALSE,Convertible,19,9652,0
29,FALSE,3,FALSE,6551.75,FALSE,FALSE,FALSE,SUV,17,29323,0
31,FALSE,1,FALSE,6555.07,FALSE,FALSE,FALSE,SUV,10,29217,0
48,FALSE,0,FALSE,6571.02,TRUE,FALSE,FALSE,SUV,1,14370,1
55,FALSE,2,FALSE,6571.54,FALSE,TRUE,FALSE,SUV,17,12597,1
46,TRUE,2,FALSE,6593.51,FALSE,FALSE,FALSE,Truck,6,19325,0
45,TRUE,1,FALSE,6600.21,FALSE,FALSE,FALSE,Sedan,14,9458,1
31,TRUE,2,FALSE,6600.36,FALSE,TRUE,FALSE,Hatchback,10,11591,0
38,TRUE,1,FALSE,6610.11,FALSE,FALSE,FALSE,SUV,17,21346,0
35,TRUE,2,FALSE,6640.54,FALSE,FALSE,FALSE,Convertible,11,16826,1
48,TRUE,3,FALSE,6652.53,FALSE,FALSE,FALSE,SUV,5,23693,0
20,TRUE,5,FALSE,6653.79,FALSE,FALSE,FALSE,Convertible,19,19138,1
29,TRUE,1,FALSE,6664.69,TRUE,FALSE,FALSE,Truck,12,27652,0
48,TRUE,5,FALSE,6666.24,FALSE,TRUE,FALSE,Convertible,19,22294,0
55,FALSE,2,FALSE,6686.43,TRUE,FALSE,FALSE,Hatchback,15,25724,1
37,TRUE,2,FALSE,6710.19,TRUE,FALSE,FALSE,Sedan,17,25393,0
48,TRUE,3,FALSE,6746.74,FALSE,FALSE,FALSE,Convertible,9,28012,0
37,TRUE,3,FALSE,6748.59,FALSE,FALSE,FALSE,Convertible,7,7169,1
54,FALSE,3,FALSE,6753.04,FALSE,FALSE,FALSE,Sedan,17,23556,1
48,FALSE,1,FALSE,6770.19,FALSE,FALSE,FALSE,Hatchback,0,27052,2
54,FALSE,1,FALSE,6775.96,FALSE,TRUE,FALSE,SUV,7,11313,0
40,FALSE,1,FALSE,6781.35,FALSE,FALSE,FALSE,Convertible,5,13315,0
27,TRUE,3,FALSE,6796.86,TRUE,FALSE,FALSE,Sedan,4,13036,0
37,TRUE,5,FALSE,6799.46,FALSE,FALSE,FALSE,Truck,14,28173,1
32,TRUE,0,FALSE,6837.37,FALSE,FALSE,FALSE,Sedan,14,5785,0
46,TRUE,1,FALSE,6849.03,FALSE,TRUE,FALSE,Truck,1,11139,0
29,TRUE,1,FALSE,6858.48,FALSE,FALSE,FALSE,Hatchback,0,11344,1
45,TRUE,2,FALSE,6875.96,FALSE,TRUE,FALSE,SUV,10,23800,0
31,FALSE,2,FALSE,6877.98,FALSE,FALSE,FALSE,Sedan,9,25538,0
60,FALSE,2,FALSE,6933.24,TRUE,FALSE,FALSE,Convertible,17,19973,1
39,TRUE,1,FALSE,6940.91,TRUE,FALSE,FALSE,Hatchback,17,10619,0
40,TRUE,0,FALSE,6948.7,TRUE,FALSE,FALSE,Sedan,16,6936,0
19,TRUE,3,FALSE,6985.51,FALSE,FALSE,FALSE,Convertible,7,8807,0
40,TRUE,2,FALSE,6986.7,TRUE,FALSE,FALSE,Sedan,14,12151,0
55,FALSE,1,FALSE,7045.5,FALSE,TRUE,FALSE,Truck,7,14493,2
34,FALSE,1,FALSE,7046.72,FALSE,FALSE,FALSE,Sedan,16,17355,1
56,FALSE,0,FALSE,7050.02,FALSE,FALSE,FALSE,Sedan,11,8236,2
26,FALSE,1,FALSE,7050.64,FALSE,TRUE,FALSE,Sedan,7,20848,1
33,FALSE,1,FALSE,7077.19,FALSE,FALSE,FALSE,Hatchback,13,7352,0
50,FALSE,2,FALSE,7133.9,FALSE,FALSE,FALSE,Sedan,3,6932,0
55,FALSE,2,FALSE,7144.86,FALSE,FALSE,FALSE,Convertible,0,15913,0
19,TRUE,0,FALSE,7147.11,FALSE,TRUE,FALSE,Truck,0,13556,2
46,TRUE,1,FALSE,7147.47,FALSE,FALSE,FALSE,Truck,18,26300,2
49,FALSE,3,FALSE,7151.09,FALSE,TRUE,FALSE,Sedan,15,10498,0
40,TRUE,1,FALSE,7152.67,FALSE,FALSE,FALSE,Hatchback,13,15582,0
27,FALSE,1,FALSE,7153.55,TRUE,FALSE,FALSE,Hatchback,15,22330,2
48,TRUE,2,FALSE,7160.09,FALSE,TRUE,FALSE,Convertible,4,18865,1
18,TRUE,2,FALSE,7160.33,FALSE,FALSE,FALSE,Sedan,8,14569,0
19,TRUE,2,FALSE,7162.01,FALSE,FALSE,FALSE,Truck,1,22823,0
24,TRUE,2,FALSE,7173.36,FALSE,FALSE,FALSE,Hatchback,17,29114,0
21,TRUE,3,FALSE,7196.87,FALSE,TRUE,FALSE,Sedan,5,9857,0
54,FALSE,2,FALSE,7201.7,TRUE,FALSE,FALSE,Hatchback,8,5340,0
34,FALSE,2,FALSE,7209.49,TRUE,FALSE,FALSE,Hatchback,0,16181,0
43,TRUE,0,FALSE,7222.79,TRUE,FALSE,FALSE,Truck,8,21766,0
29,FALSE,3,FALSE,7228.22,FALSE,FALSE,FALSE,SUV,15,13491,0
55,FALSE,4,FALSE,7243.81,FALSE,FALSE,FALSE,Convertible,12,5138,1
20,TRUE,2,FALSE,7256.72,TRUE,FALSE,FALSE,Convertible,8,5358,1
39,TRUE,2,FALSE,7261.74,TRUE,FALSE,FALSE,Truck,12,26315,0
48,TRUE,2,FALSE,7265.7,TRUE,FALSE,FALSE,Hatchback,8,14714,1
46,FALSE,3,FALSE,7281.51,TRUE,FALSE,FALSE,Sedan,10,24840,0
37,FALSE,0,FALSE,7323.73,FALSE,FALSE,FALSE,Hatchback,3,6627,1
25,FALSE,0,FALSE,7325.05,FALSE,FALSE,FALSE,Truck,1,20996,0
56,FALSE,1,FALSE,7337.75,FALSE,TRUE,FALSE,Convertible,5,28010,0
32,FALSE,0,FALSE,7345.08,FALSE,TRUE,FALSE,Hatchback,13,10004,0
60,FALSE,1,FALSE,7345.73,FALSE,FALSE,FALSE,Convertible,3,18283,0
37,FALSE,0,FALSE,7348.14,FALSE,TRUE,FALSE,Sedan,5,11652,0
55,FALSE,1,FALSE,7358.18,FALSE,FALSE,FALSE,Convertible,18,27800,2
26,FALSE,2,FALSE,7371.77,FALSE,TRUE,FALSE,Convertible,5,24554,1
49,FALSE,3,FALSE,7418.52,FALSE,TRUE,FALSE,SUV,1,25219,0
51,FALSE,0,FALSE,7419.48,TRUE,FALSE,FALSE,SUV,17,29401,2
55,FALSE,0,FALSE,7421.19,TRUE,FALSE,FALSE,SUV,12,7151,0
46,TRUE,1,FALSE,7441.05,FALSE,TRUE,FALSE,Convertible,8,14429,0
19,TRUE,2,FALSE,7441.5,FALSE,TRUE,FALSE,Truck,18,19072,0
31,FALSE,1,FALSE,7443.64,TRUE,FALSE,FALSE,Convertible,12,16927,1
26,TRUE,1,FALSE,7445.92,FALSE,TRUE,FALSE,Truck,10,11905,1
28,TRUE,0,FALSE,7448.4,FALSE,FALSE,FALSE,Truck,0,24218,0
31,TRUE,4,FALSE,7512.27,FALSE,TRUE,FALSE,SUV,6,17452,0
46,TRUE,1,FALSE,7518.03,TRUE,FALSE,FALSE,Hatchback,14,21212,0
33,TRUE,0,FALSE,7526.71,TRUE,FALSE,FALSE,Sedan,0,23951,0
31,FALSE,3,FALSE,7537.16,TRUE,FALSE,FALSE,SUV,11,6307,0
28,FALSE,1,FALSE,7623.52,FALSE,TRUE,FALSE,SUV,6,19852,1
37,FALSE,1,FALSE,7624.63,FALSE,TRUE,FALSE,Hatchback,14,7660,0
34,FALSE,1,FALSE,7626.99,FALSE,TRUE,FALSE,Sedan,18,15403,2
56,FALSE,1,FALSE,7633.72,FALSE,FALSE,FALSE,Convertible,0,25114,0
34,FALSE,1,FALSE,7639.42,FALSE,FALSE,FALSE,Convertible,16,15238,2
55,FALSE,2,FALSE,7640.31,FALSE,FALSE,FALSE,SUV,16,11207,0
52,FALSE,1,FALSE,7650.77,FALSE,FALSE,FALSE,Sedan,2,24546,0
45,FALSE,3,FALSE,7682.67,FALSE,FALSE,FALSE,SUV,11,6140,0
46,TRUE,2,FALSE,7726.85,FALSE,TRUE,FALSE,Truck,5,29842,1
54,FALSE,1,FALSE,7727.25,TRUE,FALSE,FALSE,SUV,10,6708,1
50,TRUE,2,FALSE,7729.65,FALSE,FALSE,FALSE,SUV,2,8630,0
48,TRUE,2,FALSE,7731.43,FALSE,FALSE,FALSE,Convertible,7,24595,0
26,FALSE,0,FALSE,7731.86,TRUE,FALSE,FALSE,Convertible,13,15485,0
36,TRUE,2,FALSE,7740.34,FALSE,TRUE,FALSE,Convertible,13,17021,1
18,TRUE,1,FALSE,7742.11,FALSE,FALSE,FALSE,Truck,9,27922,0
56,FALSE,2,FALSE,7749.16,TRUE,FALSE,FALSE,Convertible,1,21859,0
29,TRUE,0,FALSE,7789.64,FALSE,FALSE,FALSE,Sedan,13,12684,0
50,TRUE,0,FALSE,7804.16,FALSE,FALSE,FALSE,Hatchback,8,6207,1
58,FALSE,0,FALSE,7935.29,FALSE,FALSE,TRUE,Sedan,2,18331,0
49,FALSE,3,FALSE,7954.52,FALSE,TRUE,FALSE,Sedan,7,6960,0
51,FALSE,3,FALSE,7985.82,FALSE,FALSE,TRUE,Convertible,15,5557,1
60,FALSE,3,FALSE,7986.48,FALSE,FALSE,TRUE,Hatchback,1,20883,0
54,FALSE,2,FALSE,8017.06,TRUE,FALSE,FALSE,Hatchback,5,18893,1
42,FALSE,1,FALSE,8023.14,TRUE,FALSE,FALSE,Hatchback,11,5882,0
53,FALSE,0,FALSE,8026.67,TRUE,FALSE,FALSE,Truck,4,9761,2
42,TRUE,2,FALSE,8027.97,FALSE,TRUE,FALSE,Convertible,1,10867,0
44,FALSE,3,FALSE,8059.68,TRUE,FALSE,FALSE,Hatchback,15,28347,0
25,TRUE,1,FALSE,8062.76,FALSE,TRUE,FALSE,Truck,4,17869,1
22,TRUE,1,FALSE,8068.19,FALSE,TRUE,FALSE,SUV,14,12166,1
25,TRUE,1,FALSE,8083.92,FALSE,FALSE,FALSE,SUV,11,17982,0
18,TRUE,2,FALSE,8116.27,TRUE,FALSE,FALSE,Truck,3,12929,2
40,TRUE,0,FALSE,8116.68,FALSE,TRUE,FALSE,Truck,14,10347,0
27,TRUE,0,FALSE,8124.41,FALSE,FALSE,FALSE,Convertible,10,12269,0
44,TRUE,0,FALSE,8125.78,FALSE,FALSE,FALSE,Convertible,15,29509,2
29,TRUE,4,FALSE,8162.72,TRUE,FALSE,FALSE,SUV,5,18527,1
29,FALSE,2,FALSE,8211.1,FALSE,FALSE,FALSE,Hatchback,13,7454,0
26,FALSE,2,FALSE,8219.2,FALSE,FALSE,FALSE,SUV,17,25878,0
54,FALSE,1,FALSE,8232.64,FALSE,FALSE,FALSE,Hatchback,11,23330,0
33,FALSE,1,FALSE,8233.1,FALSE,FALSE,FALSE,Hatchback,10,17991,0
37,FALSE,1,FALSE,8240.59,FALSE,FALSE,FALSE,Convertible,12,7808,0
38,FALSE,3,FALSE,8252.28,FALSE,FALSE,TRUE,Sedan,10,11642,0
31,FALSE,0,FALSE,8269.04,FALSE,TRUE,FALSE,Sedan,15,8825,1
41,FALSE,0,FALSE,8277.52,FALSE,TRUE,FALSE,Truck,14,8536,0
41,FALSE,0,FALSE,8280.62,FALSE,FALSE,FALSE,Convertible,14,27452,0
33,FALSE,0,FALSE,8283.68,FALSE,FALSE,FALSE,Hatchback,3,20309,1
27,TRUE,2,FALSE,8302.54,FALSE,FALSE,TRUE,Sedan,10,8802,0
38,FALSE,2,FALSE,8310.84,TRUE,FALSE,FALSE,Hatchback,18,26083,1
20,TRUE,1,FALSE,8334.46,FALSE,FALSE,TRUE,Sedan,14,23354,0
40,TRUE,1,FALSE,8334.59,FALSE,FALSE,TRUE,Sedan,3,27190,1
34,TRUE,1,FALSE,8342.91,FALSE,FALSE,TRUE,Sedan,12,11142,0
48,TRUE,2,FALSE,8347.16,FALSE,FALSE,FALSE,Convertible,18,24203,0
44,TRUE,3,FALSE,8410.05,TRUE,FALSE,FALSE,SUV,1,14094,0
30,TRUE,2,FALSE,8413.46,TRUE,FALSE,FALSE,Hatchback,13,5364,0
39,TRUE,1,FALSE,8428.07,TRUE,FALSE,FALSE,Convertible,3,25642,0
34,TRUE,0,FALSE,8442.67,FALSE,FALSE,FALSE,Convertible,15,24503,0
45,TRUE,0,FALSE,8444.47,FALSE,TRUE,FALSE,Convertible,19,20688,0
46,TRUE,0,FALSE,8457.82,FALSE,TRUE,FALSE,Convertible,13,6863,1
50,FALSE,2,FALSE,8515.76,FALSE,FALSE,FALSE,Convertible,14,21499,0
59,FALSE,2,FALSE,8516.83,FALSE,FALSE,FALSE,Truck,2,12084,1
44,FALSE,2,FALSE,8520.03,FALSE,TRUE,FALSE,Hatchback,7,13016,0
27,FALSE,3,FALSE,8522,FALSE,TRUE,FALSE,Convertible,15,7384,1
29,FALSE,2,FALSE,8527.53,FALSE,FALSE,FALSE,Hatchback,9,20072,0
28,FALSE,0,FALSE,8534.67,FALSE,FALSE,TRUE,Truck,3,8935,1
36,FALSE,3,FALSE,8538.29,FALSE,FALSE,TRUE,Truck,17,18127,0
26,FALSE,1,FALSE,8539.67,FALSE,TRUE,FALSE,Hatchback,1,19482,0
54,FALSE,1,FALSE,8547.69,FALSE,FALSE,FALSE,Sedan,16,12742,0
36,FALSE,1,FALSE,8551.35,FALSE,TRUE,FALSE,SUV,12,21165,0
60,FALSE,1,FALSE,8556.91,FALSE,TRUE,FALSE,Sedan,3,26826,1
36,FALSE,1,FALSE,8569.86,FALSE,FALSE,FALSE,Sedan,10,7490,1
46,FALSE,5,FALSE,8582.3,FALSE,FALSE,FALSE,Sedan,6,28364,1
43,FALSE,5,FALSE,8596.83,FALSE,FALSE,FALSE,Convertible,11,18324,1
39,FALSE,0,FALSE,8601.33,FALSE,FALSE,FALSE,Truck,9,29045,0
36,TRUE,2,FALSE,8603.82,FALSE,FALSE,TRUE,Sedan,6,23108,0
28,TRUE,2,FALSE,8604.48,FALSE,FALSE,TRUE,Truck,12,29566,2
42,TRUE,3,FALSE,8605.36,FALSE,FALSE,FALSE,Hatchback,6,24151,0
26,TRUE,3,FALSE,8606.22,FALSE,FALSE,TRUE,SUV,16,6137,0
23,TRUE,3,FALSE,8615.3,FALSE,TRUE,FALSE,Hatchback,9,25501,1
43,TRUE,1,FALSE,8627.54,FALSE,FALSE,TRUE,Hatchback,9,8420,2
56,FALSE,0,FALSE,8671.19,TRUE,FALSE,FALSE,Convertible,3,10845,0
30,TRUE,0,FALSE,8688.86,FALSE,FALSE,TRUE,SUV,19,26162,0
26,TRUE,1,FALSE,8703.46,FALSE,TRUE,FALSE,Hatchback,3,8906,0
21,TRUE,2,FALSE,8733.23,TRUE,FALSE,FALSE,Hatchback,6,25021,0
18,TRUE,1,FALSE,8765.25,TRUE,FALSE,FALSE,SUV,0,24337,0
29,TRUE,0,FALSE,8782.47,FALSE,TRUE,FALSE,SUV,11,27313,1
29,TRUE,0,FALSE,8798.59,FALSE,TRUE,FALSE,Hatchback,12,17413,0
43,FALSE,2,FALSE,8823.28,FALSE,TRUE,FALSE,SUV,9,5276,2
33,FALSE,1,FALSE,8823.99,FALSE,FALSE,TRUE,Hatchback,14,23383,0
46,FALSE,2,FALSE,8825.09,FALSE,TRUE,FALSE,Hatchback,12,22611,0
31,TRUE,0,FALSE,8827.21,TRUE,FALSE,FALSE,Convertible,8,11337,1
22,TRUE,0,FALSE,8835.26,TRUE,FALSE,FALSE,Sedan,8,16944,1
34,FALSE,1,FALSE,8871.15,FALSE,FALSE,FALSE,Hatchback,14,25119,1
35,TRUE,3,FALSE,8891.14,FALSE,FALSE,TRUE,Truck,9,20906,0
54,FALSE,1,FALSE,8930.93,TRUE,FALSE,FALSE,Sedan,9,22079,0
43,FALSE,0,FALSE,8932.08,FALSE,TRUE,FALSE,Sedan,7,25536,0
43,TRUE,3,FALSE,8944.12,FALSE,FALSE,FALSE,Sedan,15,29285,0
38,TRUE,1,FALSE,8964.06,FALSE,FALSE,TRUE,Convertible,16,28854,2
45,FALSE,5,FALSE,8965.8,TRUE,FALSE,FALSE,Hatchback,4,17306,0
23,TRUE,2,FALSE,8968.33,FALSE,TRUE,FALSE,Convertible,3,28921,0
32,TRUE,2,FALSE,8978.19,FALSE,FALSE,FALSE,Hatchback,17,15503,0
37,FALSE,0,FALSE,8988.16,TRUE,FALSE,FALSE,Convertible,18,24225,0
50,TRUE,1,FALSE,9048.03,FALSE,FALSE,FALSE,Convertible,3,9208,1
22,TRUE,1,FALSE,9058.73,FALSE,FALSE,FALSE,Truck,6,16590,0
55,FALSE,2,FALSE,9095.07,FALSE,FALSE,TRUE,Convertible,9,15886,0
48,FALSE,3,FALSE,9101.8,FALSE,TRUE,FALSE,SUV,17,17866,2
43,TRUE,0,FALSE,9140.95,FALSE,FALSE,FALSE,Truck,18,6088,1
34,TRUE,0,FALSE,9144.57,FALSE,TRUE,FALSE,Convertible,3,8363,0
46,TRUE,0,FALSE,9174.14,TRUE,FALSE,FALSE,Sedan,9,5024,1
56,FALSE,1,FALSE,9182.17,FALSE,TRUE,FALSE,SUV,0,14764,0
34,FALSE,2,FALSE,9193.84,TRUE,FALSE,FALSE,SUV,17,27528,0
19,TRUE,5,FALSE,9222.4,FALSE,FALSE,TRUE,SUV,4,27052,0
50,TRUE,2,FALSE,9225.26,FALSE,FALSE,TRUE,Truck,14,25620,0
43,FALSE,1,FALSE,9249.5,TRUE,FALSE,FALSE,Convertible,16,14959,0
57,FALSE,0,FALSE,9264.8,FALSE,TRUE,FALSE,Convertible,2,17935,1
23,TRUE,1,FALSE,9282.48,FALSE,FALSE,TRUE,Sedan,11,13068,0
43,FALSE,0,FALSE,9283.56,FALSE,FALSE,FALSE,Sedan,1,23619,0
44,TRUE,1,FALSE,9288.03,FALSE,FALSE,TRUE,SUV,0,12295,0
23,TRUE,1,FALSE,9290.14,FALSE,FALSE,TRUE,Sedan,16,13392,0
33,TRUE,3,FALSE,9301.89,TRUE,FALSE,FALSE,Truck,15,16390,0
39,TRUE,2,FALSE,9304.7,FALSE,FALSE,FALSE,Convertible,4,13448,0
45,TRUE,0,FALSE,9361.33,FALSE,FALSE,TRUE,SUV,14,25131,0
37,TRUE,1,FALSE,9377.9,FALSE,FALSE,FALSE,Sedan,2,15433,0
34,TRUE,1,FALSE,9386.16,FALSE,FALSE,FALSE,Truck,6,20038,0
20,TRUE,1,FALSE,9391.35,FALSE,TRUE,FALSE,Truck,10,24559,0
31,FALSE,2,FALSE,9411.01,FALSE,FALSE,TRUE,Sedan,9,16528,0
58,FALSE,3,FALSE,9414.92,FALSE,TRUE,FALSE,Convertible,8,26281,0
49,FALSE,2,FALSE,9432.93,FALSE,FALSE,TRUE,Sedan,13,26421,1
40,FALSE,1,FALSE,9447.25,FALSE,FALSE,TRUE,SUV,12,20743,0
41,FALSE,1,FALSE,9447.38,FALSE,FALSE,TRUE,Sedan,1,28811,0
39,TRUE,0,FALSE,9487.64,FALSE,FALSE,FALSE,Truck,2,13605,1
37,TRUE,3,FALSE,9500.57,FALSE,FALSE,TRUE,Sedan,6,7014,1
43,TRUE,0,FALSE,9504.31,FALSE,FALSE,FALSE,Convertible,17,6381,0
27,FALSE,0,FALSE,9541.7,FALSE,FALSE,TRUE,Hatchback,2,6098,1
27,FALSE,1,FALSE,9549.57,FALSE,FALSE,FALSE,Sedan,9,24810,0
34,TRUE,3,FALSE,9563.03,FALSE,TRUE,FALSE,Convertible,6,25039,0
56,FALSE,1,FALSE,9566.99,TRUE,FALSE,FALSE,Convertible,8,29322,0
57,FALSE,1,FALSE,9583.89,TRUE,FALSE,FALSE,Truck,16,14101,1
40,TRUE,1,FALSE,9617.66,FALSE,FALSE,TRUE,Convertible,10,5187,1
50,TRUE,3,FALSE,9620.33,TRUE,FALSE,FALSE,Convertible,6,16948,0
60,FALSE,0,FALSE,9625.92,FALSE,TRUE,FALSE,Convertible,13,15207,0
48,TRUE,2,FALSE,9630.4,FALSE,TRUE,FALSE,Convertible,18,26793,0
26,FALSE,0,FALSE,9634.54,FALSE,TRUE,FALSE,SUV,3,7092,1
42,FALSE,0,FALSE,9644.25,TRUE,FALSE,FALSE,SUV,5,23514,0
44,FALSE,3,FALSE,9704.67,FALSE,FALSE,TRUE,Truck,9,10242,1
59,FALSE,2,FALSE,9715.84,FALSE,FALSE,TRUE,Sedan,6,13549,1
32,TRUE,0,FALSE,9722.77,FALSE,FALSE,TRUE,Convertible,12,27031,0
26,TRUE,1,FALSE,9724.53,FALSE,TRUE,FALSE,Sedan,13,10185,0
49,TRUE,1,FALSE,9748.91,FALSE,FALSE,FALSE,Sedan,3,20271,0
53,FALSE,1,FALSE,9778.35,FALSE,FALSE,TRUE,Truck,7,10776,0
25,TRUE,5,FALSE,9788.87,FALSE,FALSE,FALSE,Convertible,4,17449,1
41,FALSE,2,FALSE,9800.89,FALSE,FALSE,FALSE,Convertible,0,29297,1
46,TRUE,0,FALSE,9850.43,FALSE,TRUE,FALSE,Hatchback,3,28931,0
36,FALSE,1,FALSE,9855.13,FALSE,FALSE,FALSE,Sedan,2,12823,0
26,FALSE,1,FALSE,9861.03,FALSE,TRUE,FALSE,Sedan,8,20717,0
19,TRUE,0,FALSE,9863.47,TRUE,FALSE,FALSE,SUV,7,12355,1
34,FALSE,0,FALSE,9866.3,FALSE,FALSE,TRUE,Hatchback,0,11465,0
39,TRUE,0,FALSE,9869.81,TRUE,FALSE,FALSE,SUV,5,17737,0
28,FALSE,1,FALSE,9872.7,FALSE,TRUE,FALSE,SUV,8,22881,1
27,FALSE,0,FALSE,9875.68,FALSE,FALSE,TRUE,SUV,6,18324,0
30,FALSE,1,FALSE,9877.61,FALSE,FALSE,FALSE,Truck,3,15350,0
27,FALSE,1,FALSE,9880.07,FALSE,TRUE,FALSE,Truck,12,7555,0
49,FALSE,1,FALSE,9910.36,TRUE,FALSE,FALSE,SUV,16,26793,0
24,TRUE,1,FALSE,9957.72,FALSE,FALSE,TRUE,Hatchback,1,7951,0
24,TRUE,1,FALSE,9964.06,FALSE,FALSE,TRUE,Sedan,4,22622,1
45,FALSE,0,FALSE,9991.04,TRUE,FALSE,FALSE,Hatchback,11,9727,2
42,FALSE,2,FALSE,10043.25,FALSE,FALSE,TRUE,Convertible,7,25349,0
42,TRUE,1,FALSE,10065.41,FALSE,TRUE,FALSE,Truck,5,10686,0
40,TRUE,0,FALSE,10072.06,FALSE,FALSE,TRUE,Sedan,7,8701,1
27,TRUE,1,FALSE,10085.85,FALSE,TRUE,FALSE,Sedan,17,7780,0
34,TRUE,5,FALSE,10096.97,FALSE,TRUE,FALSE,Convertible,2,28782,1
27,FALSE,1,FALSE,10106.13,FALSE,FALSE,TRUE,Convertible,11,22972,0
52,FALSE,2,FALSE,10107.22,FALSE,FALSE,FALSE,SUV,2,7368,0
44,FALSE,3,FALSE,10115.01,TRUE,FALSE,FALSE,Truck,5,20592,0
36,FALSE,2,FALSE,10118.42,FALSE,TRUE,FALSE,Truck,1,27173,0
18,TRUE,3,FALSE,10141.14,FALSE,FALSE,TRUE,Hatchback,11,5436,0
29,FALSE,2,FALSE,10156.78,TRUE,FALSE,FALSE,SUV,1,7828,0
36,FALSE,0,FALSE,10197.77,FALSE,FALSE,TRUE,SUV,5,6556,0
30,TRUE,0,FALSE,10214.64,FALSE,TRUE,FALSE,SUV,16,28954,0
32,TRUE,0,FALSE,10226.28,FALSE,FALSE,FALSE,SUV,2,18364,0
45,TRUE,0,FALSE,10231.5,TRUE,FALSE,FALSE,Truck,1,28864,0
31,TRUE,3,FALSE,10264.44,TRUE,FALSE,FALSE,Truck,19,20061,1
19,TRUE,3,FALSE,10269.46,TRUE,FALSE,FALSE,SUV,7,15576,1
29,TRUE,2,FALSE,10325.21,FALSE,TRUE,FALSE,Hatchback,11,21566,0
53,FALSE,0,FALSE,10338.93,FALSE,FALSE,FALSE,Sedan,3,12190,0
29,FALSE,0,FALSE,10355.64,TRUE,FALSE,FALSE,Sedan,4,28071,0
25,FALSE,2,FALSE,10370.91,FALSE,FALSE,TRUE,Hatchback,12,10565,0
51,FALSE,3,FALSE,10381.48,FALSE,FALSE,FALSE,SUV,14,28625,1
23,TRUE,4,FALSE,10407.09,FALSE,FALSE,TRUE,Truck,15,20369,0
30,TRUE,0,FALSE,10422.92,FALSE,FALSE,TRUE,Sedan,9,29035,3
27,TRUE,0,FALSE,10435.07,FALSE,FALSE,TRUE,Convertible,15,26959,0
37,TRUE,1,FALSE,10436.1,FALSE,TRUE,FALSE,Convertible,11,6589,0
27,TRUE,1,FALSE,10450.55,FALSE,TRUE,FALSE,Hatchback,16,5159,0
19,TRUE,1,FALSE,10461.98,TRUE,FALSE,FALSE,SUV,15,17145,0
35,FALSE,2,FALSE,10493.95,TRUE,FALSE,FALSE,Sedan,11,20373,0
42,TRUE,3,FALSE,10560.49,FALSE,FALSE,FALSE,SUV,7,11555,1
56,FALSE,0,FALSE,10564.88,FALSE,FALSE,TRUE,Sedan,19,21237,1
40,TRUE,0,FALSE,10577.09,FALSE,TRUE,FALSE,Hatchback,2,14203,0
55,FALSE,1,FALSE,10579.71,FALSE,FALSE,FALSE,Hatchback,15,13244,1
34,TRUE,0,FALSE,10594.23,FALSE,FALSE,FALSE,Convertible,12,19743,0
25,TRUE,0,FALSE,10594.5,TRUE,FALSE,FALSE,SUV,18,18333,1
40,TRUE,3,FALSE,10600.55,TRUE,FALSE,FALSE,Convertible,7,18341,1
29,TRUE,0,FALSE,10601.41,FALSE,TRUE,FALSE,SUV,4,28230,0
49,TRUE,0,FALSE,10601.63,TRUE,FALSE,FALSE,Convertible,19,23691,0
40,TRUE,0,FALSE,10602.39,FALSE,TRUE,FALSE,Truck,7,6228,0
38,FALSE,3,FALSE,10702.64,FALSE,FALSE,FALSE,Truck,11,28610,0
59,FALSE,0,FALSE,10704.47,FALSE,TRUE,FALSE,Truck,0,10590,1
47,FALSE,0,FALSE,10713.64,FALSE,TRUE,FALSE,Truck,19,28303,1
26,TRUE,4,FALSE,10736.87,FALSE,FALSE,TRUE,Sedan,5,10585,1
30,TRUE,1,FALSE,10791.96,FALSE,TRUE,FALSE,Truck,17,14227,1
57,FALSE,0,FALSE,10795.94,FALSE,TRUE,FALSE,Hatchback,7,11046,1
34,TRUE,0,FALSE,10796.35,FALSE,FALSE,TRUE,Hatchback,6,17237,0
43,FALSE,1,FALSE,10797.34,FALSE,FALSE,TRUE,Sedan,0,20649,1
42,FALSE,2,FALSE,10806.84,FALSE,TRUE,FALSE,Truck,15,9945,0
28,TRUE,1,FALSE,10807.49,FALSE,FALSE,FALSE,Truck,11,12927,0
38,TRUE,1,FALSE,10825.25,TRUE,FALSE,FALSE,Truck,5,17641,0
31,FALSE,2,FALSE,10848.13,TRUE,FALSE,FALSE,Convertible,19,20998,0
26,FALSE,0,FALSE,10923.93,FALSE,FALSE,TRUE,SUV,1,18386,1
51,FALSE,1,FALSE,10928.85,FALSE,FALSE,FALSE,Convertible,13,12016,2
39,FALSE,1,FALSE,10942.13,TRUE,FALSE,FALSE,SUV,3,19027,3
37,TRUE,0,FALSE,10959.33,FALSE,TRUE,FALSE,Truck,0,20920,1
48,FALSE,1,FALSE,10959.69,TRUE,FALSE,FALSE,Truck,17,29142,0
39,TRUE,0,FALSE,10965.45,FALSE,TRUE,FALSE,Convertible,12,18752,1
30,TRUE,0,FALSE,10976.25,TRUE,FALSE,FALSE,Convertible,1,26470,0
60,FALSE,4,FALSE,10977.21,FALSE,FALSE,FALSE,SUV,8,28545,0
24,TRUE,0,FALSE,10982.5,FALSE,FALSE,FALSE,Hatchback,1,23268,1
45,TRUE,2,FALSE,11013.71,FALSE,FALSE,FALSE,SUV,8,23193,1
50,FALSE,4,FALSE,11015.17,TRUE,FALSE,FALSE,Convertible,0,8167,0
49,FALSE,4,FALSE,11033.66,TRUE,FALSE,FALSE,Convertible,10,16989,0
53,FALSE,0,FALSE,11070.54,FALSE,TRUE,FALSE,Sedan,2,27736,0
57,FALSE,0,FALSE,11073.18,FALSE,TRUE,FALSE,Convertible,19,19087,2
38,FALSE,0,FALSE,11082.58,TRUE,FALSE,FALSE,Sedan,3,27440,0
36,FALSE,3,FALSE,11085.59,TRUE,FALSE,FALSE,Hatchback,17,7437,0
60,FALSE,0,FALSE,11090.72,FALSE,FALSE,FALSE,SUV,5,27852,2
48,FALSE,0,FALSE,11093.62,FALSE,FALSE,FALSE,SUV,2,20275,0
46,FALSE,2,FALSE,11150.78,FALSE,TRUE,FALSE,Sedan,10,27335,0
47,FALSE,2,FALSE,11163.57,FALSE,TRUE,FALSE,SUV,14,10276,1
25,TRUE,0,FALSE,11165.42,FALSE,FALSE,TRUE,Convertible,4,13859,0
26,FALSE,2,FALSE,11187.66,TRUE,FALSE,FALSE,Truck,19,12818,0
47,TRUE,2,FALSE,11244.38,FALSE,FALSE,TRUE,Sedan,9,9728,1
31,TRUE,3,FALSE,11253.42,FALSE,TRUE,FALSE,SUV,11,24008,0
49,TRUE,3,FALSE,11264.54,FALSE,TRUE,FALSE,Sedan,14,10738,0
43,TRUE,1,FALSE,11272.33,FALSE,FALSE,TRUE,Sedan,16,25616,0
51,FALSE,0,FALSE,11286.54,FALSE,FALSE,TRUE,Truck,9,10793,0
47,TRUE,3,FALSE,11289.11,TRUE,FALSE,FALSE,Convertible,5,9523,2
37,FALSE,4,FALSE,11299.34,FALSE,TRUE,FALSE,Sedan,17,10571,1
48,FALSE,1,FALSE,11305.93,TRUE,FALSE,FALSE,SUV,12,21209,1
47,TRUE,1,FALSE,11326.71,FALSE,FALSE,FALSE,Hatchback,2,20246,2
38,TRUE,0,FALSE,11345.52,FALSE,TRUE,FALSE,Sedan,9,15380,0
33,TRUE,0,FALSE,11353.23,TRUE,FALSE,FALSE,Sedan,13,7224,0
47,TRUE,0,FALSE,11356.66,TRUE,FALSE,FALSE,Truck,5,13389,0
30,TRUE,0,FALSE,11362.76,FALSE,TRUE,FALSE,Convertible,2,20927,0
32,TRUE,0,FALSE,11363.28,FALSE,FALSE,FALSE,Hatchback,15,27475,2
43,TRUE,0,FALSE,11365.95,FALSE,TRUE,FALSE,SUV,6,16684,0
42,TRUE,0,FALSE,11381.33,FALSE,FALSE,FALSE,Hatchback,19,15640,0
20,TRUE,1,FALSE,11394.07,FALSE,FALSE,TRUE,SUV,13,13662,1
36,FALSE,2,FALSE,11396.9,FALSE,FALSE,TRUE,Convertible,8,11361,0
37,FALSE,3,FALSE,11411.69,FALSE,TRUE,FALSE,SUV,14,6948,0
59,FALSE,3,FALSE,11436.74,TRUE,FALSE,FALSE,Truck,2,17091,0
51,FALSE,0,FALSE,11454.02,TRUE,FALSE,FALSE,Truck,1,16992,0
44,FALSE,0,FALSE,11455.28,FALSE,TRUE,FALSE,Truck,1,28478,1
40,FALSE,0,FALSE,11482.63,FALSE,FALSE,FALSE,Truck,2,11318,1
33,TRUE,3,FALSE,11488.32,FALSE,FALSE,TRUE,Hatchback,17,25180,1
59,FALSE,1,FALSE,11512.41,FALSE,FALSE,TRUE,Convertible,13,17180,0
45,TRUE,4,FALSE,11520.1,TRUE,FALSE,FALSE,SUV,19,5234,0
35,TRUE,0,FALSE,11534.87,FALSE,FALSE,TRUE,SUV,17,20372,0
57,FALSE,2,FALSE,11538.42,FALSE,TRUE,FALSE,Truck,9,24991,1
29,FALSE,5,FALSE,11552.9,FALSE,TRUE,FALSE,Truck,1,29427,1
26,TRUE,1,FALSE,11554.22,FALSE,FALSE,FALSE,Sedan,0,5522,1
35,TRUE,0,FALSE,11566.3,FALSE,FALSE,TRUE,Convertible,3,27288,1
18,TRUE,1,FALSE,11576.13,FALSE,TRUE,FALSE,Hatchback,13,17718,0
42,FALSE,0,FALSE,11657.72,FALSE,FALSE,TRUE,SUV,0,26272,1
43,FALSE,0,FALSE,11658.12,FALSE,FALSE,TRUE,Sedan,13,14821,0
40,FALSE,0,FALSE,11658.38,FALSE,FALSE,TRUE,Sedan,15,10832,0
31,FALSE,1,FALSE,11674.13,FALSE,TRUE,FALSE,SUV,13,17820,0
50,FALSE,2,FALSE,11729.68,FALSE,FALSE,TRUE,Hatchback,19,21211,0
29,TRUE,0,FALSE,11735.88,TRUE,FALSE,FALSE,Sedan,2,12122,0
37,TRUE,2,FALSE,11737.85,FALSE,TRUE,FALSE,Sedan,2,10842,0
54,FALSE,3,FALSE,11741.73,FALSE,TRUE,FALSE,Convertible,8,6316,1
34,TRUE,0,FALSE,11743.3,FALSE,FALSE,FALSE,Hatchback,5,18200,2
29,TRUE,0,FALSE,11743.93,TRUE,FALSE,FALSE,Sedan,12,22508,0
25,TRUE,1,FALSE,11763,FALSE,FALSE,TRUE,Hatchback,1,27005,0
50,FALSE,0,FALSE,11830.61,TRUE,FALSE,FALSE,SUV,7,26807,0
37,FALSE,0,FALSE,11833.78,FALSE,FALSE,FALSE,Truck,1,20206,1
43,FALSE,0,FALSE,11837.16,FALSE,TRUE,FALSE,Sedan,3,23971,0
25,FALSE,0,FALSE,11840.78,TRUE,FALSE,FALSE,Convertible,14,27056,0
45,FALSE,0,FALSE,11842.44,FALSE,TRUE,FALSE,SUV,3,6378,0
33,FALSE,0,FALSE,11842.62,TRUE,FALSE,FALSE,Hatchback,12,24758,1
26,FALSE,0,FALSE,11848.14,FALSE,TRUE,FALSE,SUV,11,6519,1
50,FALSE,0,FALSE,11856.41,FALSE,FALSE,FALSE,Sedan,12,27161,0
52,FALSE,1,FALSE,11879.1,FALSE,FALSE,TRUE,Hatchback,13,12935,1
39,FALSE,2,FALSE,11881.36,FALSE,TRUE,FALSE,Truck,19,11093,3
38,FALSE,2,FALSE,11881.97,FALSE,FALSE,FALSE,SUV,17,29802,0
23,TRUE,2,FALSE,11884.05,FALSE,FALSE,FALSE,Sedan,5,10355,1
41,TRUE,0,FALSE,11931.13,FALSE,FALSE,TRUE,Convertible,10,26352,3
44,TRUE,0,FALSE,11938.26,FALSE,FALSE,TRUE,Hatchback,1,14083,0
36,TRUE,0,FALSE,11944.59,FALSE,FALSE,TRUE,SUV,18,10574,2
48,TRUE,1,FALSE,11945.13,TRUE,FALSE,FALSE,SUV,18,25456,1
45,TRUE,1,FALSE,11946.63,FALSE,FALSE,FALSE,Truck,4,18324,0
24,TRUE,3,FALSE,11987.17,FALSE,FALSE,FALSE,Truck,18,7257,0
42,FALSE,0,FALSE,12029.29,FALSE,FALSE,TRUE,Convertible,1,29972,1
47,FALSE,1,FALSE,12032.33,FALSE,TRUE,FALSE,Convertible,9,18411,0
31,FALSE,1,FALSE,12044.34,TRUE,FALSE,FALSE,Sedan,1,20233,0
42,FALSE,3,FALSE,12094.48,FALSE,TRUE,FALSE,Sedan,10,20887,1
30,FALSE,2,FALSE,12096.65,FALSE,FALSE,TRUE,Convertible,17,25808,0
27,FALSE,3,FALSE,12105.32,FALSE,TRUE,FALSE,Convertible,14,24621,0
50,TRUE,0,FALSE,12124.99,TRUE,FALSE,FALSE,Hatchback,8,25277,0
23,TRUE,0,FALSE,12129.61,TRUE,FALSE,FALSE,Truck,18,7005,0
35,TRUE,0,FALSE,12142.58,FALSE,FALSE,FALSE,Sedan,8,23400,0
23,TRUE,0,FALSE,12146.97,FALSE,TRUE,FALSE,Truck,2,15860,0
34,FALSE,0,FALSE,12222.9,TRUE,FALSE,FALSE,Truck,8,15070,2
33,FALSE,0,FALSE,12224.35,TRUE,FALSE,FALSE,Convertible,13,14388,1
37,FALSE,0,FALSE,12231.61,TRUE,FALSE,FALSE,Hatchback,18,23156,1
44,FALSE,0,FALSE,12233.83,FALSE,TRUE,FALSE,SUV,6,29737,0
26,FALSE,0,FALSE,12235.84,TRUE,FALSE,FALSE,Hatchback,15,25360,0
27,FALSE,0,FALSE,12244.53,FALSE,FALSE,FALSE,Hatchback,15,23135,0
60,FALSE,2,FALSE,12265.51,FALSE,FALSE,FALSE,Truck,0,28814,0
50,FALSE,2,FALSE,12268.63,TRUE,FALSE,FALSE,Hatchback,3,19609,1
59,FALSE,2,FALSE,12269.69,TRUE,FALSE,FALSE,Sedan,3,28554,0
46,TRUE,0,FALSE,12323.94,FALSE,FALSE,TRUE,Truck,6,27853,0
44,TRUE,1,FALSE,12333.83,FALSE,TRUE,FALSE,Sedan,7,21363,0
40,TRUE,1,FALSE,12347.17,FALSE,TRUE,FALSE,SUV,16,24604,0
33,TRUE,3,FALSE,12363.55,FALSE,TRUE,FALSE,Truck,4,21923,0
43,TRUE,0,FALSE,12404.88,FALSE,FALSE,TRUE,SUV,6,19823,1
36,FALSE,0,FALSE,12430.95,FALSE,FALSE,TRUE,Truck,19,22845,0
39,FALSE,3,FALSE,12475.35,TRUE,FALSE,FALSE,Convertible,19,26568,1
25,FALSE,3,FALSE,12479.71,TRUE,FALSE,FALSE,Hatchback,3,13547,1
28,FALSE,3,FALSE,12485.8,FALSE,FALSE,FALSE,Convertible,5,16515,0
33,FALSE,3,FALSE,12495.29,TRUE,FALSE,FALSE,SUV,6,5234,0
27,TRUE,0,FALSE,12523.6,TRUE,FALSE,FALSE,Hatchback,17,19562,0
35,TRUE,0,FALSE,12557.61,FALSE,FALSE,FALSE,Truck,4,22932,0
36,TRUE,0,FALSE,12574.05,FALSE,TRUE,FALSE,Hatchback,19,12480,0
28,FALSE,5,FALSE,12592.53,FALSE,FALSE,FALSE,Sedan,2,9213,0
36,TRUE,1,FALSE,12609.89,TRUE,FALSE,FALSE,Hatchback,6,15293,0
55,FALSE,0,FALSE,12622.18,TRUE,FALSE,FALSE,Sedan,13,6673,0
57,FALSE,2,FALSE,12629.17,FALSE,FALSE,FALSE,Hatchback,6,28092,1
57,FALSE,0,FALSE,12629.9,FALSE,FALSE,FALSE,Sedan,4,29366,0
28,FALSE,0,FALSE,12638.2,FALSE,TRUE,FALSE,SUV,4,7100,0
31,FALSE,2,FALSE,12643.38,TRUE,FALSE,FALSE,Convertible,1,16849,1
59,FALSE,0,FALSE,12644.59,FALSE,TRUE,FALSE,Truck,5,25132,1
28,FALSE,2,FALSE,12646.21,FALSE,TRUE,FALSE,Hatchback,14,24557,1
54,FALSE,0,FALSE,12648.7,FALSE,FALSE,FALSE,Convertible,9,23199,0
18,TRUE,0,FALSE,12731,FALSE,FALSE,TRUE,Truck,6,8841,0
34,TRUE,0,FALSE,12741.17,FALSE,FALSE,TRUE,Truck,4,15197,0
31,FALSE,0,FALSE,12797.21,FALSE,FALSE,TRUE,Sedan,0,13016,0
39,FALSE,0,FALSE,12815.44,FALSE,FALSE,TRUE,SUV,12,12011,0
38,TRUE,2,TRUE,12829.46,FALSE,FALSE,TRUE,SUV,17,9493,2
49,TRUE,0,FALSE,12890.06,FALSE,FALSE,TRUE,Convertible,12,22058,0
36,TRUE,1,FALSE,12913.99,FALSE,FALSE,TRUE,SUV,17,29472,0
40,TRUE,2,FALSE,12925.89,FALSE,FALSE,FALSE,Hatchback,4,13578,1
45,TRUE,2,FALSE,12928.79,FALSE,FALSE,FALSE,SUV,12,7158,1
33,TRUE,4,FALSE,12949.16,FALSE,FALSE,FALSE,Convertible,3,24045,0
40,TRUE,0,FALSE,12950.07,TRUE,FALSE,FALSE,SUV,16,7064,0
19,TRUE,0,FALSE,12957.12,FALSE,TRUE,FALSE,Hatchback,2,8253,1
43,TRUE,0,FALSE,12979.36,FALSE,TRUE,FALSE,Sedan,16,26363,0
35,TRUE,0,FALSE,12981.35,FALSE,FALSE,FALSE,Convertible,10,29087,1
25,TRUE,0,FALSE,12982.87,FALSE,FALSE,FALSE,Sedan,19,17828,1
58,FALSE,0,FALSE,13012.21,TRUE,FALSE,FALSE,Sedan,3,6401,1
46,FALSE,1,FALSE,13019.16,FALSE,FALSE,TRUE,Sedan,1,24643,0
35,FALSE,0,FALSE,13041.92,FALSE,TRUE,FALSE,Truck,19,20193,1
31,FALSE,3,FALSE,13047.33,FALSE,FALSE,TRUE,Truck,15,17096,0
25,FALSE,0,FALSE,13063.88,FALSE,TRUE,FALSE,Sedan,17,25307,0
23,TRUE,1,FALSE,13112.6,TRUE,FALSE,FALSE,Convertible,7,9214,0
55,FALSE,0,FALSE,13126.68,FALSE,TRUE,FALSE,Hatchback,2,24611,1
20,TRUE,0,FALSE,13129.6,FALSE,FALSE,TRUE,Hatchback,8,16023,0
22,TRUE,0,FALSE,13143.34,FALSE,FALSE,TRUE,SUV,19,16950,0
19,TRUE,0,FALSE,13143.86,FALSE,FALSE,TRUE,Convertible,5,15704,0
49,FALSE,0,FALSE,13204.29,FALSE,FALSE,TRUE,Truck,9,15343,0
43,FALSE,0,FALSE,13217.09,FALSE,FALSE,TRUE,Sedan,9,16867,2
43,FALSE,2,FALSE,13224.06,FALSE,FALSE,TRUE,SUV,12,7745,0
56,FALSE,1,FALSE,13224.69,FALSE,TRUE,FALSE,Hatchback,16,27475,0
48,FALSE,0,FALSE,13228.85,FALSE,FALSE,TRUE,Truck,8,8866,0
38,TRUE,0,FALSE,13352.1,TRUE,FALSE,FALSE,Truck,16,16956,0
27,TRUE,0,FALSE,13390.56,FALSE,TRUE,FALSE,Sedan,8,10818,0
28,TRUE,0,FALSE,13393.76,FALSE,TRUE,FALSE,Hatchback,8,23606,0
45,TRUE,0,FALSE,13405.39,FALSE,FALSE,FALSE,Convertible,0,21093,0
45,FALSE,0,FALSE,13415.04,TRUE,FALSE,FALSE,Truck,1,24176,1
42,FALSE,0,FALSE,13429.04,TRUE,FALSE,FALSE,Sedan,15,20493,0
51,FALSE,3,FALSE,13430.27,FALSE,FALSE,TRUE,Convertible,0,25447,0
31,FALSE,0,FALSE,13451.12,FALSE,TRUE,FALSE,Hatchback,9,22908,0
53,FALSE,0,FALSE,13457.96,FALSE,FALSE,FALSE,Truck,17,13224,1
26,FALSE,0,FALSE,13462.52,FALSE,TRUE,FALSE,Convertible,7,27582,0
32,FALSE,0,FALSE,13470.8,FALSE,FALSE,FALSE,Convertible,10,9025,0
40,FALSE,0,FALSE,13470.86,FALSE,TRUE,FALSE,Convertible,1,23950,0
47,TRUE,0,FALSE,13555,FALSE,FALSE,TRUE,Truck,7,24187,0
28,FALSE,2,FALSE,13607.37,FALSE,FALSE,TRUE,Truck,7,25093,2
41,FALSE,0,FALSE,13616.36,FALSE,FALSE,TRUE,SUV,16,11155,0
59,FALSE,0,FALSE,13635.64,FALSE,FALSE,TRUE,Hatchback,14,18839,1
55,FALSE,1,FALSE,13725.47,FALSE,FALSE,TRUE,Sedan,16,5719,0
33,TRUE,0,TRUE,13747.87,FALSE,FALSE,TRUE,Convertible,12,19890,1
30,TRUE,0,FALSE,13770.1,TRUE,FALSE,FALSE,SUV,18,27900,0
24,TRUE,0,FALSE,13822.8,FALSE,TRUE,FALSE,Sedan,4,25963,1
43,TRUE,0,FALSE,13831.12,FALSE,FALSE,FALSE,SUV,11,22356,0
52,FALSE,0,TRUE,13844.51,FALSE,TRUE,FALSE,Truck,0,25102,0
34,FALSE,0,FALSE,13844.8,TRUE,FALSE,FALSE,Convertible,4,28779,3
35,FALSE,0,FALSE,13880.95,FALSE,TRUE,FALSE,Sedan,7,25786,0
57,FALSE,0,FALSE,13887.2,FALSE,FALSE,FALSE,Sedan,12,25936,0
57,FALSE,0,FALSE,13887.97,FALSE,FALSE,FALSE,Sedan,7,23591,0
20,TRUE,3,FALSE,13919.82,FALSE,FALSE,FALSE,Sedan,10,9426,0
33,TRUE,1,FALSE,13937.67,TRUE,FALSE,FALSE,Sedan,0,28303,0
31,TRUE,0,FALSE,13974.46,FALSE,FALSE,TRUE,SUV,12,17512,0
43,TRUE,0,FALSE,13981.85,FALSE,FALSE,TRUE,Convertible,18,20064,1
32,FALSE,3,FALSE,14001.13,FALSE,FALSE,FALSE,Truck,2,18767,0
50,FALSE,3,FALSE,14001.29,FALSE,FALSE,FALSE,Truck,16,16308,0
41,FALSE,3,FALSE,14007.22,FALSE,TRUE,FALSE,Truck,4,16477,2
42,FALSE,0,FALSE,14043.48,FALSE,FALSE,TRUE,Truck,19,17903,1
24,TRUE,2,FALSE,14119.62,TRUE,FALSE,FALSE,SUV,7,29770,0
30,FALSE,0,FALSE,14133.04,FALSE,FALSE,FALSE,Hatchback,13,13680,0
47,TRUE,0,FALSE,14210.54,TRUE,FALSE,FALSE,Convertible,3,7204,0
56,FALSE,2,FALSE,14235.07,FALSE,TRUE,FALSE,Sedan,10,26729,0
28,FALSE,0,FALSE,14254.61,TRUE,FALSE,FALSE,Hatchback,19,24660,0
51,FALSE,0,FALSE,14256.19,TRUE,FALSE,FALSE,Truck,14,6102,3
48,FALSE,0,TRUE,14283.46,FALSE,FALSE,TRUE,Hatchback,18,10243,1
38,FALSE,0,FALSE,14313.85,FALSE,FALSE,FALSE,Convertible,6,11614,0
38,FALSE,0,FALSE,14319.03,FALSE,TRUE,FALSE,Sedan,18,21299,1
40,TRUE,1,FALSE,14349.85,TRUE,FALSE,FALSE,Sedan,18,13707,0
44,TRUE,1,FALSE,14358.36,FALSE,TRUE,FALSE,Convertible,10,18913,1
41,FALSE,3,FALSE,14382.71,TRUE,FALSE,FALSE,Convertible,4,26607,0
45,FALSE,4,FALSE,14394.4,FALSE,FALSE,TRUE,Truck,4,29968,1
45,TRUE,0,FALSE,14394.56,FALSE,FALSE,TRUE,Sedan,7,5630,0
37,TRUE,0,FALSE,14410.93,FALSE,FALSE,TRUE,Hatchback,9,16908,0
31,TRUE,1,FALSE,14418.28,FALSE,FALSE,FALSE,SUV,5,15847,1
41,FALSE,2,FALSE,14426.07,TRUE,FALSE,FALSE,SUV,14,14171,1
56,FALSE,0,FALSE,14449.85,FALSE,FALSE,TRUE,Convertible,15,17721,0
47,FALSE,0,FALSE,14451.84,FALSE,FALSE,TRUE,Truck,16,28067,1
52,FALSE,2,TRUE,14455.64,FALSE,FALSE,TRUE,SUV,7,21661,1
57,FALSE,1,FALSE,14474.68,FALSE,FALSE,FALSE,Sedan,7,21616,1
50,TRUE,5,FALSE,14478.33,FALSE,FALSE,FALSE,Convertible,8,14744,0
40,FALSE,0,TRUE,14571.89,FALSE,FALSE,TRUE,Hatchback,1,10690,0
53,FALSE,3,FALSE,14590.63,FALSE,FALSE,TRUE,Convertible,14,18401,0
35,FALSE,0,FALSE,14692.67,TRUE,FALSE,FALSE,Hatchback,17,12659,1
26,FALSE,0,TRUE,14711.74,TRUE,FALSE,FALSE,Convertible,2,15601,0
36,FALSE,0,FALSE,14901.52,FALSE,FALSE,TRUE,Convertible,16,16704,0
21,TRUE,2,FALSE,14988.43,FALSE,TRUE,FALSE,Convertible,3,5025,0
39,FALSE,2,TRUE,15006.58,FALSE,FALSE,TRUE,Hatchback,3,20384,1
27,FALSE,2,FALSE,15019.76,TRUE,FALSE,FALSE,Hatchback,13,18705,1
24,TRUE,3,FALSE,15161.53,FALSE,FALSE,FALSE,Convertible,8,28852,1
24,TRUE,3,FALSE,15170.07,FALSE,TRUE,FALSE,SUV,8,27794,2
55,FALSE,2,FALSE,15230.32,FALSE,FALSE,TRUE,Truck,17,13652,0
37,FALSE,1,TRUE,15359.1,FALSE,FALSE,TRUE,Truck,9,25148,1
46,TRUE,0,TRUE,15518.18,FALSE,FALSE,TRUE,Truck,3,27983,1
21,TRUE,3,FALSE,15555.19,TRUE,FALSE,FALSE,Hatchback,11,18379,0
36,FALSE,3,FALSE,15612.19,TRUE,FALSE,FALSE,Hatchback,7,26486,1
27,TRUE,0,TRUE,15817.99,TRUE,FALSE,FALSE,SUV,1,12006,1
30,TRUE,0,TRUE,15820.7,FALSE,TRUE,FALSE,Truck,12,24867,0
34,FALSE,4,FALSE,15828.82,FALSE,TRUE,FALSE,Truck,15,23378,0
53,FALSE,2,FALSE,16069.08,FALSE,FALSE,TRUE,Convertible,1,13682,0
55,FALSE,3,FALSE,16085.13,FALSE,FALSE,FALSE,Hatchback,10,6072,2
29,FALSE,0,TRUE,16115.3,FALSE,FALSE,TRUE,Truck,9,28091,0
30,TRUE,0,TRUE,16138.76,FALSE,FALSE,TRUE,SUV,14,5215,1
34,TRUE,0,TRUE,16232.85,FALSE,TRUE,FALSE,SUV,16,28989,0
33,TRUE,0,TRUE,16297.85,FALSE,TRUE,FALSE,Truck,7,14915,0
45,FALSE,3,TRUE,16420.49,TRUE,FALSE,FALSE,Hatchback,17,14784,1
50,TRUE,1,TRUE,16450.89,TRUE,FALSE,FALSE,SUV,8,23990,1
44,FALSE,3,FALSE,16455.71,TRUE,FALSE,FALSE,Convertible,7,29734,1
42,FALSE,0,TRUE,16577.78,FALSE,FALSE,FALSE,SUV,13,19824,0
44,TRUE,0,FALSE,16586.5,FALSE,FALSE,FALSE,Sedan,17,26165,0
56,FALSE,1,TRUE,16657.72,FALSE,FALSE,TRUE,Sedan,19,8313,0
50,FALSE,2,TRUE,16776.3,FALSE,FALSE,TRUE,Hatchback,19,16033,0
45,FALSE,1,FALSE,16796.41,FALSE,FALSE,TRUE,Truck,11,14968,0
60,FALSE,0,TRUE,16884.92,FALSE,TRUE,FALSE,Hatchback,18,21241,1
22,TRUE,0,TRUE,17043.34,FALSE,FALSE,FALSE,Hatchback,13,29147,0
25,FALSE,0,TRUE,17081.08,FALSE,TRUE,FALSE,Hatchback,16,10939,1
32,FALSE,1,TRUE,17085.27,FALSE,FALSE,FALSE,Hatchback,2,19696,0
35,TRUE,4,FALSE,17128.43,FALSE,FALSE,TRUE,Convertible,6,19794,1
45,TRUE,1,TRUE,17178.68,FALSE,FALSE,TRUE,Convertible,16,7295,0
44,TRUE,1,TRUE,17179.52,FALSE,FALSE,FALSE,SUV,11,27069,0
47,TRUE,0,TRUE,17352.68,TRUE,FALSE,FALSE,Sedan,8,6696,0
19,TRUE,2,TRUE,17361.77,TRUE,FALSE,FALSE,Hatchback,14,16185,1
32,FALSE,0,TRUE,17468.98,TRUE,FALSE,FALSE,SUV,17,23330,0
45,FALSE,0,TRUE,17496.31,FALSE,TRUE,FALSE,Sedan,12,17001,0
23,TRUE,1,TRUE,17560.38,TRUE,FALSE,FALSE,Truck,7,19350,1
60,FALSE,1,FALSE,17626.24,FALSE,FALSE,FALSE,Convertible,13,24167,1
19,TRUE,3,TRUE,17663.14,FALSE,FALSE,FALSE,Sedan,7,8644,0
58,FALSE,0,TRUE,17748.51,TRUE,FALSE,FALSE,Truck,13,26625,0
51,FALSE,0,FALSE,17878.9,FALSE,FALSE,TRUE,Sedan,6,11420,0
22,TRUE,0,TRUE,17904.53,FALSE,FALSE,TRUE,Convertible,11,28941,0
59,FALSE,0,FALSE,17929.3,FALSE,FALSE,FALSE,Convertible,10,16837,0
36,TRUE,4,TRUE,17942.11,FALSE,TRUE,FALSE,SUV,10,24029,1
29,FALSE,0,TRUE,18033.97,TRUE,FALSE,FALSE,Hatchback,12,27973,1
33,TRUE,2,FALSE,18157.88,TRUE,FALSE,FALSE,Sedan,17,11353,0
35,FALSE,1,FALSE,18218.16,FALSE,FALSE,FALSE,Sedan,1,15541,0
52,FALSE,3,TRUE,18223.45,FALSE,FALSE,FALSE,Truck,14,6932,1
44,TRUE,0,TRUE,18246.5,FALSE,FALSE,FALSE,Convertible,19,16486,0
22,TRUE,3,TRUE,18259.22,FALSE,TRUE,FALSE,Sedan,17,6757,0
23,TRUE,0,TRUE,18310.74,TRUE,FALSE,FALSE,Convertible,14,10085,0
36,FALSE,1,TRUE,18328.24,FALSE,FALSE,FALSE,Sedan,18,10637,0
45,FALSE,2,TRUE,18608.26,FALSE,TRUE,FALSE,SUV,11,6116,0
38,TRUE,0,TRUE,18648.42,FALSE,FALSE,TRUE,Hatchback,12,15759,0
58,FALSE,3,TRUE,18765.88,TRUE,FALSE,FALSE,Sedan,10,16691,0
21,TRUE,2,TRUE,18767.74,FALSE,FALSE,FALSE,Convertible,4,5492,1
39,FALSE,3,FALSE,18804.75,TRUE,FALSE,FALSE,SUV,0,13811,0
46,TRUE,2,FALSE,18806.15,FALSE,FALSE,FALSE,Sedan,2,29272,0
30,FALSE,3,FALSE,18838.7,TRUE,FALSE,FALSE,Truck,18,11474,1
26,FALSE,1,FALSE,18903.49,FALSE,FALSE,TRUE,Hatchback,6,19385,0
41,FALSE,0,FALSE,18955.22,FALSE,TRUE,FALSE,Sedan,11,14738,0
36,TRUE,1,FALSE,18963.17,FALSE,FALSE,FALSE,SUV,14,26342,0
19,TRUE,2,TRUE,18972.5,FALSE,FALSE,FALSE,Truck,4,18979,0
60,FALSE,5,TRUE,19023.26,FALSE,TRUE,FALSE,SUV,14,16755,1
27,TRUE,1,TRUE,19040.88,FALSE,TRUE,FALSE,SUV,7,14797,1
50,FALSE,1,TRUE,19107.78,FALSE,FALSE,FALSE,Truck,9,19607,0
27,FALSE,2,FALSE,19144.58,FALSE,FALSE,TRUE,SUV,15,17867,0
43,TRUE,3,TRUE,19199.94,FALSE,TRUE,FALSE,Truck,7,24127,0
33,TRUE,0,FALSE,19214.71,FALSE,FALSE,FALSE,Sedan,0,12866,0
49,TRUE,0,TRUE,19350.37,FALSE,FALSE,FALSE,Truck,11,20449,1
35,TRUE,3,TRUE,19362,FALSE,FALSE,FALSE,Truck,4,15685,0
34,TRUE,2,FALSE,19442.35,TRUE,FALSE,FALSE,Hatchback,2,28544,0
25,FALSE,2,TRUE,19444.27,FALSE,FALSE,FALSE,Truck,0,10451,0
21,TRUE,4,FALSE,19496.72,FALSE,FALSE,TRUE,Truck,3,26642,0
21,TRUE,0,TRUE,19515.54,FALSE,FALSE,FALSE,Sedan,7,13548,1
40,FALSE,1,TRUE,19521.97,FALSE,FALSE,FALSE,Hatchback,2,12186,1
34,FALSE,0,TRUE,19539.24,FALSE,FALSE,FALSE,Convertible,9,11102,1
53,FALSE,1,TRUE,19594.81,FALSE,FALSE,TRUE,Sedan,1,5619,0
47,TRUE,0,FALSE,19673.34,TRUE,FALSE,FALSE,Sedan,10,5882,0
38,TRUE,1,TRUE,19719.69,FALSE,FALSE,FALSE,Convertible,9,8642,0
30,FALSE,3,FALSE,19749.38,FALSE,FALSE,FALSE,Truck,13,6296,0
28,FALSE,2,TRUE,19798.05,FALSE,FALSE,TRUE,SUV,6,19122,1
23,TRUE,3,TRUE,19933.46,FALSE,TRUE,FALSE,Hatchback,1,29820,0
43,FALSE,0,TRUE,19964.75,FALSE,FALSE,TRUE,SUV,8,7895,0
40,TRUE,1,TRUE,20009.63,TRUE,FALSE,FALSE,Convertible,15,27977,0
19,TRUE,0,TRUE,20149.32,FALSE,FALSE,TRUE,Sedan,12,22313,0
28,FALSE,0,TRUE,20167.34,FALSE,TRUE,FALSE,Sedan,8,10366,1
42,FALSE,2,FALSE,20177.67,FALSE,TRUE,FALSE,Hatchback,19,13711,2
44,FALSE,0,TRUE,20234.85,TRUE,FALSE,FALSE,Sedan,3,24596,0
20,TRUE,1,FALSE,20277.81,FALSE,FALSE,TRUE,Sedan,9,23793,1
46,FALSE,1,TRUE,20296.86,FALSE,FALSE,TRUE,Hatchback,11,13199,0
47,TRUE,0,FALSE,20420.6,FALSE,TRUE,FALSE,Hatchback,16,15717,1
44,FALSE,3,FALSE,20463,FALSE,FALSE,FALSE,Convertible,13,8423,0
19,TRUE,0,FALSE,20630.28,FALSE,TRUE,FALSE,Sedan,13,15211,0
19,TRUE,0,FALSE,20709.02,FALSE,FALSE,TRUE,Sedan,1,17782,0
39,TRUE,3,TRUE,20745.99,TRUE,FALSE,FALSE,Convertible,19,28360,1
49,TRUE,1,TRUE,20773.63,FALSE,FALSE,TRUE,Truck,10,28978,0
43,TRUE,0,FALSE,20781.49,FALSE,FALSE,FALSE,Truck,15,26542,0
42,FALSE,0,FALSE,20878.78,FALSE,FALSE,TRUE,Truck,18,17474,0
30,TRUE,2,TRUE,20984.09,FALSE,FALSE,TRUE,Convertible,5,8667,1
37,TRUE,1,TRUE,21082.16,FALSE,TRUE,FALSE,Sedan,18,27357,0
43,TRUE,2,TRUE,21098.55,TRUE,FALSE,FALSE,Convertible,4,27620,2
38,TRUE,0,TRUE,21195.82,FALSE,FALSE,FALSE,Convertible,3,13277,1
44,TRUE,0,TRUE,21223.68,FALSE,FALSE,FALSE,Truck,14,17424,0
44,TRUE,0,FALSE,21232.18,FALSE,TRUE,FALSE,SUV,3,23852,0
33,TRUE,2,TRUE,21259.38,FALSE,FALSE,TRUE,Sedan,19,27601,1
45,FALSE,0,FALSE,21344.85,FALSE,FALSE,TRUE,Truck,9,25003,0
54,FALSE,0,TRUE,21348.71,TRUE,FALSE,FALSE,SUV,2,23020,0
22,TRUE,4,TRUE,21472.48,TRUE,FALSE,FALSE,SUV,4,13155,0
50,TRUE,0,FALSE,21595.38,TRUE,FALSE,FALSE,Hatchback,5,8583,0
59,FALSE,3,TRUE,21659.93,FALSE,FALSE,TRUE,Sedan,7,20515,1
26,FALSE,1,TRUE,21677.28,TRUE,FALSE,FALSE,SUV,6,9009,1
38,FALSE,1,TRUE,21771.34,FALSE,FALSE,TRUE,Truck,9,24710,0
34,FALSE,0,TRUE,21774.32,TRUE,FALSE,FALSE,Hatchback,5,15410,0
39,TRUE,0,FALSE,21797,FALSE,TRUE,FALSE,Sedan,13,29532,0
58,FALSE,2,TRUE,21880.82,TRUE,FALSE,FALSE,Convertible,3,23601,0
48,TRUE,1,TRUE,21978.68,FALSE,FALSE,FALSE,Truck,12,9967,1
34,TRUE,0,FALSE,21984.47,TRUE,FALSE,FALSE,SUV,19,23753,0
40,TRUE,0,TRUE,22144.03,FALSE,TRUE,FALSE,SUV,16,25022,0
40,FALSE,1,FALSE,22192.44,FALSE,FALSE,FALSE,Truck,6,15695,3
36,TRUE,1,TRUE,22218.11,FALSE,FALSE,FALSE,SUV,3,14135,0
60,FALSE,1,TRUE,22331.57,FALSE,FALSE,TRUE,Hatchback,13,10722,1
45,FALSE,2,FALSE,22395.74,FALSE,FALSE,TRUE,Sedan,2,20514,1
40,TRUE,0,TRUE,22412.65,FALSE,FALSE,TRUE,Hatchback,4,16128,0
32,TRUE,1,TRUE,22462.04,FALSE,FALSE,TRUE,SUV,15,9444,2
49,FALSE,2,TRUE,22478.6,FALSE,TRUE,FALSE,Convertible,19,12618,1
32,TRUE,2,FALSE,22493.66,TRUE,FALSE,FALSE,Sedan,3,25331,0
57,FALSE,0,FALSE,23045.57,FALSE,FALSE,TRUE,Sedan,1,23060,0
27,FALSE,0,TRUE,23065.42,FALSE,FALSE,FALSE,Truck,17,6196,0
22,TRUE,0,FALSE,23082.96,FALSE,TRUE,FALSE,Truck,18,17297,3
23,TRUE,2,FALSE,23241.47,FALSE,FALSE,TRUE,Convertible,18,7787,1
43,FALSE,1,TRUE,23244.79,FALSE,FALSE,FALSE,Sedan,16,28816,1
59,FALSE,1,FALSE,23288.93,FALSE,FALSE,TRUE,Convertible,13,12927,0
42,TRUE,2,TRUE,23306.55,FALSE,TRUE,FALSE,Truck,18,24702,1
26,FALSE,1,TRUE,23401.31,FALSE,FALSE,TRUE,Truck,12,28073,0
36,TRUE,2,FALSE,23563.02,FALSE,FALSE,FALSE,Sedan,11,7176,0
44,TRUE,1,TRUE,23568.27,FALSE,TRUE,FALSE,Hatchback,5,25127,0
47,TRUE,2,TRUE,23807.24,TRUE,FALSE,FALSE,SUV,3,13792,0
59,FALSE,1,TRUE,23887.66,TRUE,FALSE,FALSE,Truck,18,25806,0
28,TRUE,2,TRUE,23967.38,TRUE,FALSE,FALSE,Truck,15,25208,0
60,FALSE,2,FALSE,24059.68,TRUE,FALSE,FALSE,Hatchback,12,14171,0
46,FALSE,3,TRUE,24106.91,FALSE,FALSE,TRUE,Hatchback,3,7451,1
58,FALSE,3,TRUE,24180.93,FALSE,FALSE,FALSE,Convertible,16,5628,2
51,FALSE,0,FALSE,24227.34,FALSE,FALSE,FALSE,Convertible,0,14821,3
48,TRUE,0,TRUE,24393.62,TRUE,FALSE,FALSE,SUV,17,12778,0
45,TRUE,0,FALSE,24476.48,TRUE,FALSE,FALSE,SUV,19,8696,1
53,FALSE,0,FALSE,24513.09,FALSE,FALSE,FALSE,Sedan,16,25058,1
39,FALSE,1,TRUE,24520.26,FALSE,TRUE,FALSE,Convertible,14,25313,2
43,FALSE,2,TRUE,24535.7,TRUE,FALSE,FALSE,Truck,10,24149,0
46,TRUE,0,FALSE,24603.05,FALSE,TRUE,FALSE,Convertible,12,25753,0
27,FALSE,2,TRUE,24667.42,FALSE,FALSE,FALSE,Truck,0,17972,1
36,FALSE,4,FALSE,24671.66,FALSE,FALSE,TRUE,Hatchback,16,13307,1
23,TRUE,3,TRUE,24869.84,FALSE,FALSE,TRUE,Convertible,5,9956,0
32,FALSE,3,TRUE,24873.38,FALSE,FALSE,TRUE,Hatchback,3,15195,0
58,FALSE,2,FALSE,24915.05,FALSE,FALSE,TRUE,SUV,19,22076,0
20,TRUE,3,TRUE,24915.22,TRUE,FALSE,FALSE,SUV,15,24546,4
35,FALSE,0,FALSE,25081.77,FALSE,FALSE,FALSE,Sedan,14,6105,0
19,TRUE,3,TRUE,25309.49,FALSE,TRUE,FALSE,Convertible,14,24392,2
29,TRUE,2,FALSE,25333.33,FALSE,FALSE,TRUE,Hatchback,5,23545,0
26,TRUE,3,TRUE,25382.3,FALSE,TRUE,FALSE,Truck,14,20417,0
19,TRUE,1,FALSE,25517.11,FALSE,FALSE,TRUE,SUV,13,29729,1
47,FALSE,0,FALSE,25656.58,FALSE,FALSE,TRUE,SUV,10,19188,0
56,FALSE,0,TRUE,25678.78,TRUE,FALSE,FALSE,Truck,6,25083,0
32,TRUE,3,FALSE,25992.82,FALSE,FALSE,FALSE,Hatchback,8,17602,0
29,FALSE,2,FALSE,26018.95,TRUE,FALSE,FALSE,Hatchback,15,25170,1
32,TRUE,1,TRUE,26109.33,TRUE,FALSE,FALSE,Convertible,4,14256,1
57,FALSE,0,TRUE,26125.67,FALSE,FALSE,FALSE,Convertible,19,25584,1
55,FALSE,1,FALSE,26140.36,FALSE,TRUE,FALSE,Sedan,9,19212,1
52,FALSE,1,FALSE,26236.58,FALSE,TRUE,FALSE,SUV,17,6913,2
38,FALSE,1,FALSE,26392.26,FALSE,FALSE,TRUE,Convertible,2,26904,0
43,TRUE,2,FALSE,26467.1,TRUE,FALSE,FALSE,Hatchback,12,15593,0
31,TRUE,0,TRUE,26926.51,FALSE,FALSE,FALSE,Truck,10,6772,0
28,TRUE,1,FALSE,27000.98,FALSE,FALSE,FALSE,Hatchback,16,24164,0
46,FALSE,0,TRUE,27037.91,FALSE,FALSE,FALSE,SUV,12,17996,0
30,FALSE,0,FALSE,27117.99,FALSE,FALSE,FALSE,Hatchback,5,28807,0
20,TRUE,0,TRUE,27218.44,FALSE,FALSE,TRUE,Sedan,16,7871,0
30,FALSE,3,FALSE,27322.73,FALSE,FALSE,FALSE,SUV,12,18234,0
36,TRUE,0,FALSE,27346.04,FALSE,FALSE,FALSE,Truck,18,22044,0
22,TRUE,2,FALSE,27375.9,FALSE,FALSE,TRUE,Sedan,18,27626,0
49,FALSE,0,TRUE,27533.91,FALSE,FALSE,FALSE,SUV,9,15521,0
37,TRUE,1,FALSE,27724.29,FALSE,FALSE,FALSE,Truck,2,15642,0
53,FALSE,0,TRUE,27808.73,FALSE,FALSE,FALSE,Sedan,13,6132,0
22,TRUE,3,FALSE,27941.29,FALSE,TRUE,FALSE,Sedan,18,5699,1
23,TRUE,0,TRUE,28101.33,FALSE,FALSE,TRUE,SUV,4,19534,0
33,FALSE,1,FALSE,28287.9,FALSE,FALSE,FALSE,Convertible,4,28854,0
36,FALSE,1,FALSE,28340.19,TRUE,FALSE,FALSE,Sedan,19,15230,3
27,TRUE,1,FALSE,28468.92,TRUE,FALSE,FALSE,Sedan,16,11297,0
27,FALSE,1,FALSE,28476.73,TRUE,FALSE,FALSE,Truck,9,17839,0
38,TRUE,1,TRUE,28868.66,TRUE,FALSE,FALSE,Hatchback,4,12812,0
57,FALSE,0,FALSE,28923.14,TRUE,FALSE,FALSE,SUV,3,9557,2
30,FALSE,0,TRUE,28950.47,TRUE,FALSE,FALSE,SUV,5,7179,0
44,FALSE,0,TRUE,29141.36,TRUE,FALSE,FALSE,Convertible,3,16030,1
52,FALSE,2,FALSE,29186.48,FALSE,FALSE,TRUE,Convertible,6,14065,0
47,FALSE,0,TRUE,29330.98,TRUE,FALSE,FALSE,SUV,6,13275,0
55,FALSE,0,TRUE,29523.17,FALSE,FALSE,TRUE,Convertible,17,22806,0
27,TRUE,3,FALSE,30063.58,TRUE,FALSE,FALSE,Truck,2,20089,0
19,TRUE,1,FALSE,30166.62,TRUE,FALSE,FALSE,SUV,0,8180,1
39,TRUE,3,TRUE,30184.94,FALSE,FALSE,TRUE,Convertible,3,25700,0
32,TRUE,0,FALSE,30260,FALSE,FALSE,TRUE,SUV,5,11696,0
36,TRUE,2,FALSE,30284.64,TRUE,FALSE,FALSE,Hatchback,8,14583,0
30,FALSE,3,TRUE,30942.19,FALSE,FALSE,FALSE,Sedan,13,21998,2
45,FALSE,1,FALSE,31620,FALSE,FALSE,TRUE,SUV,11,18869,2
18,TRUE,2,FALSE,32108.66,FALSE,FALSE,TRUE,Sedan,19,16757,1
46,TRUE,0,TRUE,32548.34,FALSE,FALSE,FALSE,Convertible,3,25954,0
25,FALSE,2,TRUE,32734.19,TRUE,FALSE,FALSE,Sedan,11,21654,0
37,TRUE,3,TRUE,32787.46,TRUE,FALSE,FALSE,SUV,9,17258,1
33,FALSE,0,TRUE,33307.55,TRUE,FALSE,FALSE,Hatchback,6,7468,0
29,FALSE,2,FALSE,33471.97,TRUE,FALSE,FALSE,Convertible,2,19208,2
29,TRUE,0,TRUE,33475.82,FALSE,FALSE,TRUE,SUV,13,20042,0
47,TRUE,0,TRUE,33732.69,FALSE,FALSE,TRUE,Convertible,9,20639,1
46,TRUE,0,TRUE,33750.29,TRUE,FALSE,FALSE,Truck,15,16546,1
48,FALSE,0,TRUE,33900.65,FALSE,TRUE,FALSE,Sedan,15,17327,0
59,FALSE,0,TRUE,33907.55,TRUE,FALSE,FALSE,Truck,9,19270,1
36,FALSE,0,TRUE,34166.27,FALSE,TRUE,FALSE,SUV,12,20523,2
30,TRUE,0,TRUE,34254.05,FALSE,FALSE,TRUE,Hatchback,5,19300,1
22,TRUE,2,TRUE,34303.17,FALSE,FALSE,FALSE,Convertible,11,24991,0
30,FALSE,0,TRUE,34439.86,FALSE,FALSE,FALSE,Sedan,8,15775,0
40,TRUE,0,TRUE,34472.84,FALSE,TRUE,FALSE,Convertible,12,17265,1
45,TRUE,0,TRUE,34617.84,FALSE,FALSE,TRUE,SUV,3,24459,0
32,TRUE,0,TRUE,34672.15,FALSE,FALSE,FALSE,Convertible,10,21673,0
26,TRUE,0,TRUE,34779.62,FALSE,TRUE,FALSE,Sedan,19,29504,2
32,TRUE,1,TRUE,34806.47,FALSE,FALSE,FALSE,SUV,17,11614,1
20,TRUE,0,TRUE,34828.65,FALSE,TRUE,FALSE,Convertible,10,8252,0
46,FALSE,0,TRUE,34838.87,FALSE,TRUE,FALSE,Hatchback,3,12415,1
22,TRUE,0,TRUE,35069.37,FALSE,FALSE,TRUE,SUV,17,28155,1
23,TRUE,0,TRUE,35147.53,FALSE,FALSE,TRUE,SUV,0,21662,0
32,FALSE,1,FALSE,35160.13,FALSE,TRUE,FALSE,Hatchback,6,16116,1
25,TRUE,0,TRUE,35491.64,FALSE,TRUE,FALSE,Truck,5,21964,2
22,TRUE,0,TRUE,35585.58,FALSE,TRUE,FALSE,Sedan,14,9958,0
56,FALSE,3,TRUE,35595.59,FALSE,FALSE,FALSE,Truck,17,29829,0
30,FALSE,2,TRUE,36021.01,FALSE,FALSE,FALSE,Convertible,10,9276,0
40,TRUE,2,TRUE,36085.22,FALSE,TRUE,FALSE,Hatchback,19,29381,0
22,TRUE,2,TRUE,36124.57,FALSE,FALSE,FALSE,Truck,14,9776,0
34,FALSE,0,TRUE,36149.48,FALSE,FALSE,FALSE,SUV,15,22208,0
28,TRUE,3,TRUE,36189.1,FALSE,FALSE,TRUE,Convertible,6,8832,0
37,TRUE,0,TRUE,36197.7,FALSE,TRUE,FALSE,Convertible,9,19901,2
35,TRUE,0,TRUE,36219.41,TRUE,FALSE,FALSE,Truck,11,10445,0
32,TRUE,0,TRUE,36307.8,FALSE,FALSE,FALSE,Truck,13,6380,1
31,FALSE,2,TRUE,36397.58,FALSE,TRUE,FALSE,Hatchback,4,14865,2
55,FALSE,4,FALSE,36580.28,FALSE,FALSE,FALSE,Sedan,17,27918,1
20,TRUE,0,TRUE,36837.47,FALSE,TRUE,FALSE,Truck,4,18926,2
60,FALSE,0,TRUE,36898.73,TRUE,FALSE,FALSE,Truck,2,24540,0
50,FALSE,2,FALSE,36910.61,FALSE,TRUE,FALSE,SUV,4,16580,0
46,TRUE,0,TRUE,36950.26,FALSE,FALSE,FALSE,Convertible,16,25691,1
48,FALSE,0,TRUE,37079.37,FALSE,TRUE,FALSE,Sedan,18,10634,1
32,FALSE,0,TRUE,37133.9,FALSE,FALSE,FALSE,SUV,18,29959,0
41,TRUE,1,TRUE,37165.16,FALSE,FALSE,FALSE,Hatchback,11,10810,0
58,FALSE,0,TRUE,37270.15,FALSE,FALSE,TRUE,Hatchback,8,29917,1
31,TRUE,3,TRUE,37465.34,TRUE,FALSE,FALSE,Truck,0,27318,0
40,TRUE,2,TRUE,37484.45,FALSE,FALSE,FALSE,Truck,17,15179,0
20,TRUE,1,TRUE,37607.53,FALSE,FALSE,TRUE,Hatchback,3,17251,0
47,FALSE,1,TRUE,37701.88,FALSE,FALSE,TRUE,Truck,9,18131,0
19,TRUE,0,TRUE,37742.58,FALSE,FALSE,FALSE,Sedan,6,24493,1
48,TRUE,0,TRUE,37829.72,FALSE,TRUE,FALSE,Truck,0,25466,0
46,TRUE,0,TRUE,38126.25,FALSE,FALSE,FALSE,Convertible,16,17707,2
42,TRUE,1,TRUE,38245.59,FALSE,FALSE,FALSE,Truck,1,24624,0
29,TRUE,1,TRUE,38282.75,FALSE,FALSE,FALSE,SUV,10,27412,3
34,TRUE,2,TRUE,38344.57,FALSE,TRUE,FALSE,Sedan,8,23233,0
32,TRUE,2,TRUE,38415.47,FALSE,TRUE,FALSE,SUV,6,29881,1
27,FALSE,2,TRUE,38511.63,FALSE,FALSE,TRUE,SUV,16,7749,0
29,TRUE,1,TRUE,38709.18,FALSE,FALSE,FALSE,Convertible,16,18156,1
22,TRUE,2,TRUE,38711,FALSE,TRUE,FALSE,Sedan,1,28064,0
28,TRUE,3,TRUE,38746.36,TRUE,FALSE,FALSE,Sedan,5,21589,1
25,FALSE,0,TRUE,38792.69,FALSE,FALSE,FALSE,Sedan,13,28736,0
26,TRUE,2,TRUE,38998.55,FALSE,TRUE,FALSE,Sedan,5,25975,1
29,TRUE,1,TRUE,39047.29,FALSE,FALSE,TRUE,Sedan,1,8450,0
20,TRUE,1,TRUE,39125.33,FALSE,FALSE,TRUE,Convertible,0,12214,1
42,TRUE,2,TRUE,39241.44,FALSE,TRUE,FALSE,Truck,9,25195,0
21,TRUE,1,TRUE,39556.49,FALSE,FALSE,TRUE,SUV,4,16814,2
37,TRUE,3,TRUE,39597.41,FALSE,FALSE,TRUE,Sedan,1,10141,1
22,TRUE,0,TRUE,39611.76,FALSE,FALSE,FALSE,Truck,15,29885,1
46,TRUE,0,TRUE,39722.75,FALSE,FALSE,FALSE,Truck,1,7708,1
40,FALSE,1,TRUE,39725.52,TRUE,FALSE,FALSE,SUV,9,23375,1
27,TRUE,0,TRUE,39727.61,FALSE,TRUE,FALSE,Convertible,1,20088,0
43,TRUE,1,TRUE,39774.28,FALSE,FALSE,TRUE,Hatchback,15,29847,1
38,FALSE,2,TRUE,39836.52,FALSE,TRUE,FALSE,Hatchback,15,16834,1
47,TRUE,1,TRUE,39871.7,FALSE,FALSE,FALSE,Truck,18,17278,0
50,FALSE,3,TRUE,39983.43,TRUE,FALSE,FALSE,SUV,6,15014,2
40,FALSE,2,TRUE,40003.33,TRUE,FALSE,FALSE,Hatchback,11,8273,2
30,TRUE,2,TRUE,40103.89,FALSE,TRUE,FALSE,Truck,14,19367,2
50,TRUE,4,TRUE,40182.25,FALSE,TRUE,FALSE,Convertible,7,9538,1
21,TRUE,1,TRUE,40273.65,FALSE,FALSE,FALSE,Hatchback,5,17541,0
54,FALSE,0,TRUE,40419.02,FALSE,FALSE,FALSE,Truck,9,13712,0
43,TRUE,3,TRUE,40720.55,TRUE,FALSE,FALSE,Truck,2,14168,0
43,FALSE,1,TRUE,40904.2,FALSE,FALSE,TRUE,Sedan,18,25106,2
42,FALSE,3,TRUE,40932.43,FALSE,FALSE,FALSE,Convertible,16,8551,1
45,FALSE,3,TRUE,40941.29,FALSE,FALSE,FALSE,Sedan,6,17297,0
27,FALSE,0,TRUE,40974.16,FALSE,FALSE,FALSE,SUV,19,15965,1
35,TRUE,1,TRUE,41034.22,FALSE,FALSE,TRUE,Sedan,3,7832,0
31,TRUE,0,TRUE,41097.16,FALSE,FALSE,TRUE,Sedan,13,27063,0
51,FALSE,1,TRUE,41661.6,FALSE,TRUE,FALSE,Hatchback,19,27963,0
27,TRUE,0,TRUE,41676.08,FALSE,FALSE,FALSE,Truck,14,18422,0
37,TRUE,1,TRUE,41919.1,FALSE,FALSE,TRUE,Convertible,7,5152,0
20,TRUE,3,TRUE,41949.24,FALSE,FALSE,FALSE,Sedan,14,27138,0
46,TRUE,1,TRUE,41999.52,FALSE,FALSE,FALSE,Convertible,19,16156,0
35,FALSE,0,TRUE,42111.66,FALSE,FALSE,TRUE,Sedan,13,16108,0
37,TRUE,2,TRUE,42112.24,FALSE,FALSE,FALSE,SUV,8,7800,0
39,TRUE,3,TRUE,42124.52,FALSE,FALSE,FALSE,Sedan,7,10310,0
39,TRUE,1,TRUE,42211.14,FALSE,FALSE,FALSE,Hatchback,16,14944,2
42,TRUE,0,TRUE,42303.69,FALSE,FALSE,TRUE,Truck,1,7610,0
28,TRUE,2,TRUE,42560.43,FALSE,FALSE,FALSE,SUV,2,17067,0
25,TRUE,2,TRUE,42760.5,TRUE,FALSE,FALSE,Sedan,7,6104,0
49,TRUE,2,TRUE,42856.84,FALSE,TRUE,FALSE,Convertible,11,15728,0
55,FALSE,1,TRUE,42969.85,FALSE,FALSE,FALSE,SUV,0,28745,0
32,FALSE,0,TRUE,42983.46,TRUE,FALSE,FALSE,SUV,9,25583,0
22,TRUE,0,TRUE,43254.42,FALSE,FALSE,TRUE,Sedan,19,25238,1
52,FALSE,0,TRUE,43578.94,TRUE,FALSE,FALSE,SUV,2,12263,0
47,TRUE,3,TRUE,43753.34,FALSE,FALSE,TRUE,Convertible,5,6914,1
36,TRUE,2,TRUE,43813.87,FALSE,FALSE,FALSE,SUV,6,28749,0
45,FALSE,2,TRUE,43896.38,FALSE,FALSE,FALSE,Convertible,19,24456,0
28,TRUE,0,TRUE,43921.18,TRUE,FALSE,FALSE,Sedan,17,5406,0
36,FALSE,1,TRUE,43943.88,TRUE,FALSE,FALSE,Truck,10,18689,1
50,TRUE,2,TRUE,44202.65,FALSE,FALSE,FALSE,SUV,18,5166,0
26,TRUE,2,TRUE,44260.75,FALSE,FALSE,FALSE,Truck,4,5508,0
45,FALSE,0,TRUE,44400.41,FALSE,FALSE,FALSE,Convertible,18,23045,0
30,FALSE,0,TRUE,44423.8,FALSE,FALSE,FALSE,SUV,10,8664,2
50,TRUE,1,TRUE,44501.4,FALSE,FALSE,FALSE,Hatchback,11,24873,0
29,TRUE,2,TRUE,44585.46,FALSE,TRUE,FALSE,Truck,9,18050,0
60,FALSE,2,TRUE,44641.2,FALSE,FALSE,TRUE,SUV,7,5680,1
35,FALSE,0,TRUE,45008.96,FALSE,FALSE,FALSE,Truck,8,23908,0
43,TRUE,2,TRUE,45702.02,TRUE,FALSE,FALSE,SUV,3,23504,0
42,TRUE,0,TRUE,45710.21,FALSE,FALSE,TRUE,Sedan,4,26644,0
57,FALSE,0,TRUE,45863.21,FALSE,FALSE,FALSE,Truck,7,9357,0
43,FALSE,2,TRUE,46113.51,FALSE,TRUE,FALSE,Hatchback,8,6363,0
47,TRUE,3,TRUE,46130.53,TRUE,FALSE,FALSE,Hatchback,14,14523,0
20,TRUE,3,TRUE,46151.12,FALSE,FALSE,FALSE,Convertible,14,7292,0
47,FALSE,2,TRUE,46200.99,FALSE,FALSE,FALSE,SUV,15,6538,0
26,FALSE,3,TRUE,46255.11,FALSE,FALSE,TRUE,Truck,13,8408,1
38,TRUE,0,TRUE,46599.11,FALSE,FALSE,FALSE,Convertible,7,29126,0
56,FALSE,3,TRUE,46661.44,TRUE,FALSE,FALSE,Truck,17,13752,1
29,TRUE,3,TRUE,46718.16,TRUE,FALSE,FALSE,SUV,9,23287,1
22,TRUE,0,TRUE,46889.26,FALSE,FALSE,FALSE,Hatchback,19,5174,0
23,TRUE,0,TRUE,47055.53,FALSE,FALSE,FALSE,Sedan,5,7230,1
41,TRUE,2,TRUE,47269.85,FALSE,FALSE,FALSE,Hatchback,11,9287,0
49,FALSE,2,TRUE,47291.06,FALSE,TRUE,FALSE,Convertible,1,25544,0
27,FALSE,2,TRUE,47305.31,FALSE,TRUE,FALSE,Sedan,6,17112,0
40,TRUE,1,TRUE,47403.88,FALSE,TRUE,FALSE,Convertible,15,12106,1
19,TRUE,2,TRUE,47462.89,FALSE,FALSE,FALSE,SUV,2,14689,3
26,TRUE,2,TRUE,47496.49,TRUE,FALSE,FALSE,Sedan,12,17046,0
33,FALSE,1,TRUE,47896.79,FALSE,FALSE,TRUE,Convertible,2,24555,0
49,FALSE,1,TRUE,47928.03,FALSE,TRUE,FALSE,SUV,17,22951,0
39,TRUE,0,TRUE,48173.36,FALSE,TRUE,FALSE,Hatchback,10,6151,1
52,FALSE,1,TRUE,48517.56,FALSE,FALSE,TRUE,SUV,7,12619,0
26,TRUE,3,TRUE,48549.18,FALSE,FALSE,TRUE,Truck,5,11033,0
49,TRUE,0,TRUE,48673.56,FALSE,FALSE,FALSE,SUV,0,13560,0
45,TRUE,1,TRUE,48675.52,FALSE,FALSE,FALSE,SUV,0,9946,0
52,FALSE,0,TRUE,48824.45,FALSE,TRUE,FALSE,Truck,7,29618,0
25,FALSE,0,TRUE,48885.14,FALSE,FALSE,FALSE,Convertible,4,6907,1
18,TRUE,1,TRUE,48970.25,FALSE,FALSE,FALSE,Convertible,15,8490,1
26,TRUE,2,TRUE,49577.66,FALSE,FALSE,FALSE,SUV,10,23919,0
44,TRUE,1,TRUE,51194.56,FALSE,TRUE,FALSE,Truck,4,9173,0
43,TRUE,0,TRUE,52590.83,FALSE,TRUE,FALSE,Truck,3,16065,0
44,FALSE,0,TRUE,55135.4,TRUE,FALSE,FALSE,Hatchback,5,22677,0
59,FALSE,1,TRUE,58571.07,FALSE,FALSE,TRUE,Convertible,13,9769,0
30,TRUE,3,TRUE,60021.4,TRUE,FALSE,FALSE,Sedan,18,9796,0
37,TRUE,0,TRUE,62592.87,FALSE,FALSE,FALSE,Convertible,8,18046,0
30,FALSE,0,TRUE,63770.43,FALSE,FALSE,FALSE,Convertible,11,19211,0